popID,10,100,11,12,13,14,15,16,17,18,19,2,20,21,22,23,24,25,26,27,28,29,3,30,31,32,33,34,35,36,37,38,39,4,40,41,42,43,44,45,46,47,48,49,5,50,51,52,53,54,55,56,57,58,59,6,60,61,62,63,64,65,66,67,68,69,7,70,71,72,73,74,75,76,77,78,79,8,80,81,82,83,84,85,86,87,88,89,9,90,91,92,93,94,95,96,97,98,99,
1,0,0.418653186,0.418653186,-0.004004888,0.037207,0.217957976,0.344618056,0.377901444,0.423857624,0.423857624,0.423857624,0.423857624,0.053752046,0.418653186,-0.002333136,0.081275299,0.24847793,0.34618952,0.413927667,0.423857624,0.423857624,0.423857624,0.423857624,0.246552758,0.418653186,-0.001944648,0.068541397,0.242877757,0.377901444,0.423857624,0.423857624,0.423857624,0.423857624,0.423857624,0.3467914,0.418653186,-0.004531531,0.088866449,0.217616754,0.364686275,0.409100782,0.423857624,0.423857624,0.423857624,0.423857624,0.39517393,0.418653186,-0.003258666,0.092302002,0.240743496,0.348209017,0.418846653,0.423857624,0.423857624,0.423857624,0.423857624,0.423857624,0.418653186,0.023858602,0.060419867,0.238661426,0.349699824,0.409100782,0.423857624,0.423857624,0.423857624,0.423857624,0.423857624,0.418653186,0.005238165,0.108511008,0.245000335,0.342773987,0.413927667,0.423857624,0.423857624,0.423857624,0.423857624,0.423857624,0.418653186,-0.004060848,0.062550491,0.253640466,0.312268436,0.390716642,0.423857624,0.423857624,0.423857624,0.423857624,0.423857624,0.418653186,-0.002333136,0.075457092,0.244801658,0.365923759,0.404366119,0.423857624,0.423857624,0.423857624,0.423857624
10,0.418653186,0,-0.00010001,0.433711298,0.332726313,0.109649549,0.011898409,0.003854649,3.47E-20,3.47E-20,3.47E-20,3.47E-20,0.271942519,-0.00010001,0.436807984,0.280160872,0.112669637,0.012587943,1.00E-06,3.47E-20,3.47E-20,3.47E-20,3.47E-20,0.078948886,-0.00010001,0.405290769,0.286972119,0.092443049,0.003854649,3.47E-20,3.47E-20,3.47E-20,3.47E-20,3.47E-20,0.009930928,-0.00010001,0.427722686,0.250846436,0.132610584,0.006204784,0.000150791,3.47E-20,3.47E-20,3.47E-20,3.47E-20,0.001180102,-0.00010001,0.398534258,0.259373613,0.110551088,0.010495063,-4.98E-05,3.47E-20,3.47E-20,3.47E-20,3.47E-20,3.47E-20,-0.00010001,0.480152995,0.303100449,0.095099457,0.011147524,0.000150791,3.47E-20,3.47E-20,3.47E-20,3.47E-20,3.47E-20,-0.00010001,0.45925644,0.238439183,0.104126023,0.014108022,1.00E-06,3.47E-20,3.47E-20,3.47E-20,3.47E-20,3.47E-20,-0.00010001,0.416206612,0.285291353,0.09539972,0.02627696,0.001711895,3.47E-20,3.47E-20,3.47E-20,3.47E-20,3.47E-20,-0.00010001,0.436807984,0.267392075,0.123131183,0.006791739,0.000398177,3.47E-20,3.47E-20,3.47E-20,3.47E-20
100,0.418653186,-0.00010001,0,0.433711298,0.332726313,0.109649549,0.011898409,0.003854649,3.47E-20,3.47E-20,3.47E-20,3.47E-20,0.271942519,-0.00010001,0.436807984,0.280160872,0.112669637,0.012587943,1.00E-06,3.47E-20,3.47E-20,3.47E-20,3.47E-20,0.078948886,-0.00010001,0.405290769,0.286972119,0.092443049,0.003854649,3.47E-20,3.47E-20,3.47E-20,3.47E-20,3.47E-20,0.009930928,-0.00010001,0.427722686,0.250846436,0.132610584,0.006204784,0.000150791,3.47E-20,3.47E-20,3.47E-20,3.47E-20,0.001180102,-0.00010001,0.398534258,0.259373613,0.110551088,0.010495063,-4.98E-05,3.47E-20,3.47E-20,3.47E-20,3.47E-20,3.47E-20,-0.00010001,0.480152995,0.303100449,0.095099457,0.011147524,0.000150791,3.47E-20,3.47E-20,3.47E-20,3.47E-20,3.47E-20,-0.00010001,0.45925644,0.238439183,0.104126023,0.014108022,1.00E-06,3.47E-20,3.47E-20,3.47E-20,3.47E-20,3.47E-20,-0.00010001,0.416206612,0.285291353,0.09539972,0.02627696,0.001711895,3.47E-20,3.47E-20,3.47E-20,3.47E-20,3.47E-20,-0.00010001,0.436807984,0.267392075,0.123131183,0.006791739,0.000398177,3.47E-20,3.47E-20,3.47E-20,3.47E-20
11,-0.004004888,0.433711298,0.433711298,0,0.047122863,0.232658889,0.359452977,0.392774453,0.438886472,0.438886472,0.438886472,0.438886472,0.06513297,0.433711298,-0.003913561,0.093908127,0.263243492,0.360996617,0.428921917,0.438886472,0.438886472,0.438886472,0.438886472,0.26128591,0.433711298,0.001050059,0.080618518,0.257612586,0.392774453,0.438886472,0.438886472,0.438886472,0.438886472,0.438886472,0.361667764,0.433711298,-0.004520342,0.101815546,0.232361173,0.379553508,0.424078373,0.438886472,0.438886472,0.438886472,0.438886472,0.410104111,0.433711298,-0.000384051,0.105361624,0.255498816,0.363056062,0.43385799,0.438886472,0.438886472,0.438886472,0.438886472,0.438886472,0.433711298,0.017905487,0.072026897,0.253393868,0.364518022,0.424078373,0.438886472,0.438886472,0.438886472,0.438886472,0.438886472,0.433711298,0.00108092,0.122051615,0.259749831,0.357570448,0.428921917,0.438886472,0.438886472,0.438886472,0.438886472,0.438886472,0.433711298,-0.002494828,0.074352133,0.268382521,0.327055491,0.405631882,0.438886472,0.438886472,0.438886472,0.438886472,0.438886472,0.433711298,-0.003913561,0.087886741,0.259585886,0.380758458,0.419327477,0.438886472,0.438886472,0.438886472,0.438886472
12,0.037207,0.332726313,0.332726313,0.047122863,0,0.118594305,0.255187335,0.289824751,0.337694122,0.337694122,0.337694122,0.337694122,0.002211894,0.332726313,0.056206323,0.00707357,0.142867341,0.256200839,0.327491248,0.337694122,0.337694122,0.337694122,0.337694122,0.148879794,0.332726313,0.021173868,0.002475036,0.142491233,0.289824751,0.337694122,0.337694122,0.337694122,0.337694122,0.337694122,0.258251147,0.332726313,0.040962107,0.013125188,0.113408609,0.276285867,0.322506836,0.337694122,0.337694122,0.337694122,0.337694122,0.308024816,0.332726313,0.024313822,0.013376711,0.136741868,0.259112249,0.332553763,0.337694122,0.337694122,0.337694122,0.337694122,0.337694122,0.332726313,0.107699863,-0.000623339,0.138421903,0.260053428,0.322506836,0.337694122,0.337694122,0.337694122,0.337694122,0.337694122,0.332726313,0.077585673,0.02325847,0.141649811,0.252431017,0.327491248,0.337694122,0.337694122,0.337694122,0.337694122,0.337694122,0.332726313,0.03015275,0.001193908,0.150828973,0.220561247,0.303355419,0.337694122,0.337694122,0.337694122,0.337694122,0.337694122,0.332726313,0.056206323,0.006464881,0.137719907,0.27701597,0.317600787,0.337694122,0.337694122,0.337694122,0.337694122
13,0.217957976,0.109649549,0.109649549,0.232658889,0.118594305,0,0.051527553,0.074772622,0.112494237,0.112494237,0.112494237,0.112494237,0.078792497,0.109649549,0.239574874,0.069589652,-0.000186174,0.051035687,0.104279308,0.112494237,0.112494237,0.112494237,0.112494237,0.000620635,0.109649549,0.198704056,0.07787872,-0.001122722,0.074772622,0.112494237,0.112494237,0.112494237,0.112494237,0.112494237,0.05498489,0.109649549,0.225510786,0.052910005,-0.001206927,0.065752223,0.100297582,0.112494237,0.112494237,0.112494237,0.112494237,0.088855359,0.109649549,0.197317031,0.055543906,-0.001340641,0.054353777,0.108344859,0.112494237,0.112494237,0.112494237,0.112494237,0.112494237,0.109649549,0.287974587,0.090055573,-0.001617543,0.053810805,0.100297582,0.112494237,0.112494237,0.112494237,0.112494237,0.112494237,0.109649549,0.263110702,0.0413805,-0.001065573,0.048344663,0.104279308,0.112494237,0.112494237,0.112494237,0.112494237,0.112494237,0.109649549,0.211755048,0.079588182,8.33E-05,0.030231705,0.085208936,0.112494237,0.112494237,0.112494237,0.112494237,0.112494237,0.109649549,0.239574874,0.065422484,0.000237615,0.065090741,0.096399681,0.112494237,0.112494237,0.112494237,0.112494237
14,0.344618056,0.011898409,0.011898409,0.359452977,0.255187335,0.051527553,0,0.001243341,0.012813318,0.012813318,0.012813318,0.012813318,0.199008584,0.011898409,0.363379618,0.202225622,0.052886402,-0.001291214,0.009699424,0.012813318,0.012813318,0.012813318,0.012813318,0.02966307,0.011898409,0.329965683,0.209758727,0.03862862,0.001243341,0.012813318,0.012813318,0.012813318,0.012813318,0.012813318,-0.001197876,0.011898409,0.353258884,0.175592986,0.068451336,-0.000258259,0.008295636,0.012813318,0.012813318,0.012813318,0.012813318,0.004685884,0.011898409,0.324514495,0.182619682,0.051425884,-0.001276624,0.011205007,0.012813318,0.012813318,0.012813318,0.012813318,0.012813318,0.011898409,0.40718126,0.225222986,0.040559466,-0.001265527,0.008295636,0.012813318,0.012813318,0.012813318,0.012813318,0.012813318,0.011898409,0.38576983,0.162705785,0.046730135,-0.001228022,0.009699424,0.012813318,0.012813318,0.012813318,0.012813318,0.012813318,0.011898409,0.341319359,0.209041229,0.040478789,0.001342534,0.00368017,0.012813318,0.012813318,0.012813318,0.012813318,0.012813318,0.011898409,0.363379618,0.191624441,0.060704288,-0.000340928,0.006992723,0.012813318,0.012813318,0.012813318,0.012813318
15,0.377901444,0.003854649,0.003854649,0.392774453,0.289824751,0.074772622,0.001243341,0,0.004329004,0.004329004,0.004329004,0.004329004,0.231513352,0.003854649,0.396337405,0.236571726,0.076210774,0.001468827,0.002501384,0.004329004,0.004329004,0.004329004,0.004329004,0.048581452,0.003854649,0.363816909,0.24393742,0.05951067,-0.000834028,0.004329004,0.004329004,0.004329004,0.004329004,0.004329004,0.000599019,0.003854649,0.386689865,0.208638405,0.094319928,-0.000621247,0.00174057,0.004329004,0.004329004,0.004329004,0.004329004,5.64E-05,0.003854649,0.357843841,0.216287555,0.074622446,0.000692224,0.003363809,0.004329004,0.004329004,0.004329004,0.004329004,0.004329004,0.003854649,0.439689261,0.259788108,0.061839931,0.000875391,0.00174057,0.004329004,0.004329004,0.004329004,0.004329004,0.004329004,0.003854649,0.41863624,0.195680888,0.069090249,0.002148097,0.002501384,0.004329004,0.004329004,0.004329004,0.004329004,0.004329004,0.003854649,0.374964062,0.242866106,0.061594248,0.009082049,-0.000309215,0.004329004,0.004329004,0.004329004,0.004329004,0.004329004,0.003854649,0.396337405,0.225078189,0.085268109,-0.000522466,0.001080221,0.004329004,0.004329004,0.004329004,0.004329004
16,0.423857624,3.47E-20,3.47E-20,0.438886472,0.337694122,0.112494237,0.012813318,0.004329004,0,0,0,0,0.276839188,3.47E-20,0.442004587,0.284797124,0.115102639,0.013452497,0.00010001,0,0,0,0,0.081319524,3.47E-20,0.410459738,0.291715438,0.094890817,0.004329004,0,0,0,0,0,0.010856226,3.47E-20,0.432900433,0.255405115,0.135525293,0.006861063,0.000298552,0,0,0,0,0.001471021,3.47E-20,0.403754526,0.263904871,0.11308204,0.011369509,-4.32E-21,0,0,0,0,0,3.47E-20,0.485248525,0.307906653,0.097615156,0.011971568,0.000298552,0,0,0,0,0,3.47E-20,0.464400099,0.242804615,0.106575964,0.01501251,0.00010001,0,0,0,0,0,3.47E-20,0.421383648,0.290087017,0.097698294,0.027630566,0.00204948,0,0,0,0,0,3.47E-20,0.442004587,0.272076993,0.125656566,0.007397923,0.000594177,0,0,0,0
17,0.423857624,3.47E-20,3.47E-20,0.438886472,0.337694122,0.112494237,0.012813318,0.004329004,0,0,0,0,0.276839188,3.47E-20,0.442004587,0.284797124,0.115102639,0.013452497,0.00010001,0,0,0,0,0.081319524,3.47E-20,0.410459738,0.291715438,0.094890817,0.004329004,0,0,0,0,0,0.010856226,3.47E-20,0.432900433,0.255405115,0.135525293,0.006861063,0.000298552,0,0,0,0,0.001471021,3.47E-20,0.403754526,0.263904871,0.11308204,0.011369509,-4.32E-21,0,0,0,0,0,3.47E-20,0.485248525,0.307906653,0.097615156,0.011971568,0.000298552,0,0,0,0,0,3.47E-20,0.464400099,0.242804615,0.106575964,0.01501251,0.00010001,0,0,0,0,0,3.47E-20,0.421383648,0.290087017,0.097698294,0.027630566,0.00204948,0,0,0,0,0,3.47E-20,0.442004587,0.272076993,0.125656566,0.007397923,0.000594177,0,0,0,0
18,0.423857624,3.47E-20,3.47E-20,0.438886472,0.337694122,0.112494237,0.012813318,0.004329004,0,0,0,0,0.276839188,3.47E-20,0.442004587,0.284797124,0.115102639,0.013452497,0.00010001,0,0,0,0,0.081319524,3.47E-20,0.410459738,0.291715438,0.094890817,0.004329004,0,0,0,0,0,0.010856226,3.47E-20,0.432900433,0.255405115,0.135525293,0.006861063,0.000298552,0,0,0,0,0.001471021,3.47E-20,0.403754526,0.263904871,0.11308204,0.011369509,-4.32E-21,0,0,0,0,0,3.47E-20,0.485248525,0.307906653,0.097615156,0.011971568,0.000298552,0,0,0,0,0,3.47E-20,0.464400099,0.242804615,0.106575964,0.01501251,0.00010001,0,0,0,0,0,3.47E-20,0.421383648,0.290087017,0.097698294,0.027630566,0.00204948,0,0,0,0,0,3.47E-20,0.442004587,0.272076993,0.125656566,0.007397923,0.000594177,0,0,0,0
19,0.423857624,3.47E-20,3.47E-20,0.438886472,0.337694122,0.112494237,0.012813318,0.004329004,0,0,0,0,0.276839188,3.47E-20,0.442004587,0.284797124,0.115102639,0.013452497,0.00010001,0,0,0,0,0.081319524,3.47E-20,0.410459738,0.291715438,0.094890817,0.004329004,0,0,0,0,0,0.010856226,3.47E-20,0.432900433,0.255405115,0.135525293,0.006861063,0.000298552,0,0,0,0,0.001471021,3.47E-20,0.403754526,0.263904871,0.11308204,0.011369509,-4.32E-21,0,0,0,0,0,3.47E-20,0.485248525,0.307906653,0.097615156,0.011971568,0.000298552,0,0,0,0,0,3.47E-20,0.464400099,0.242804615,0.106575964,0.01501251,0.00010001,0,0,0,0,0,3.47E-20,0.421383648,0.290087017,0.097698294,0.027630566,0.00204948,0,0,0,0,0,3.47E-20,0.442004587,0.272076993,0.125656566,0.007397923,0.000594177,0,0,0,0
2,0.053752046,0.271942519,0.271942519,0.06513297,0.002211894,0.078792497,0.199008584,0.231513352,0.276839188,0.276839188,0.276839188,0.276839188,0,0.271942519,0.07250154,0.00164435,0.101724514,0.200129989,0.267106152,0.276839188,0.276839188,0.276839188,0.276839188,0.104091706,0.271942519,0.038463623,-0.00104922,0.099421375,0.231513352,0.276839188,0.276839188,0.276839188,0.276839188,0.276839188,0.20164534,0.271942519,0.059005102,0.00184509,0.076363088,0.218700386,0.262364277,0.276839188,0.276839188,0.276839188,0.276839188,0.248639213,0.271942519,0.038956099,0.00347699,0.095807221,0.202619279,0.271931178,0.276839188,0.276839188,0.276839188,0.276839188,0.276839188,0.271942519,0.121525392,-0.000645578,0.095861408,0.203672168,0.262364277,0.276839188,0.276839188,0.276839188,0.276839188,0.276839188,0.271942519,0.094219873,0.008690599,0.099771726,0.196674109,0.267106152,0.276839188,0.276839188,0.276839188,0.276839188,0.276839188,0.271942519,0.047976447,-0.002472209,0.107544431,0.167216116,0.244231603,0.276839188,0.276839188,0.276839188,0.276839188,0.276839188,0.271942519,0.07250154,-0.001131794,0.097927436,0.219555519,0.257705717,0.276839188,0.276839188,0.276839188,0.276839188
20,0.418653186,-0.00010001,-0.00010001,0.433711298,0.332726313,0.109649549,0.011898409,0.003854649,3.47E-20,3.47E-20,3.47E-20,3.47E-20,0.271942519,0,0.436807984,0.280160872,0.112669637,0.012587943,1.00E-06,3.47E-20,3.47E-20,3.47E-20,3.47E-20,0.078948886,-0.00010001,0.405290769,0.286972119,0.092443049,0.003854649,3.47E-20,3.47E-20,3.47E-20,3.47E-20,3.47E-20,0.009930928,-0.00010001,0.427722686,0.250846436,0.132610584,0.006204784,0.000150791,3.47E-20,3.47E-20,3.47E-20,3.47E-20,0.001180102,-0.00010001,0.398534258,0.259373613,0.110551088,0.010495063,-4.98E-05,3.47E-20,3.47E-20,3.47E-20,3.47E-20,3.47E-20,-0.00010001,0.480152995,0.303100449,0.095099457,0.011147524,0.000150791,3.47E-20,3.47E-20,3.47E-20,3.47E-20,3.47E-20,-0.00010001,0.45925644,0.238439183,0.104126023,0.014108022,1.00E-06,3.47E-20,3.47E-20,3.47E-20,3.47E-20,3.47E-20,-0.00010001,0.416206612,0.285291353,0.09539972,0.02627696,0.001711895,3.47E-20,3.47E-20,3.47E-20,3.47E-20,3.47E-20,-0.00010001,0.436807984,0.267392075,0.123131183,0.006791739,0.000398177,3.47E-20,3.47E-20,3.47E-20,3.47E-20
21,-0.002333136,0.436807984,0.436807984,-0.003913561,0.056206323,0.239574874,0.363379618,0.396337405,0.442004587,0.442004587,0.442004587,0.442004587,0.07250154,0.436807984,0,0.103838727,0.270567528,0.364993098,0.432111135,0.442004587,0.442004587,0.442004587,0.442004587,0.267390722,0.436807984,0.005568815,0.090098819,0.264197976,0.396337405,0.442004587,0.442004587,0.442004587,0.442004587,0.442004587,0.36545518,0.436807984,-0.002781438,0.11080141,0.240104222,0.38322403,0.427306622,0.442004587,0.442004587,0.442004587,0.442004587,0.41346293,0.436807984,0.002639436,0.114919363,0.262702026,0.366914148,0.437010484,0.442004587,0.442004587,0.442004587,0.442004587,0.442004587,0.436807984,0.010921397,0.08171527,0.260031173,0.368445638,0.427306622,0.442004587,0.442004587,0.442004587,0.442004587,0.442004587,0.436807984,-0.00210021,0.131405893,0.26676884,0.361637551,0.432111135,0.442004587,0.442004587,0.442004587,0.442004587,0.442004587,0.436807984,0.000740388,0.083314697,0.275168741,0.331531294,0.40903859,0.442004587,0.442004587,0.442004587,0.442004587,0.442004587,0.436807984,-0.004863934,0.096868515,0.267222749,0.384495719,0.422597029,0.442004587,0.442004587,0.442004587,0.442004587
22,0.081275299,0.280160872,0.280160872,0.093908127,0.00707357,0.069589652,0.202225622,0.236571726,0.284797124,0.284797124,0.284797124,0.284797124,0.00164435,0.280160872,0.103838727,0,0.087972751,0.202769697,0.27456382,0.284797124,0.284797124,0.284797124,0.284797124,0.097478218,0.280160872,0.06065003,-0.003285214,0.090240475,0.236571726,0.284797124,0.284797124,0.284797124,0.284797124,0.284797124,0.205841197,0.280160872,0.086499086,-0.002424186,0.062850153,0.223261723,0.269556475,0.284797124,0.284797124,0.284797124,0.284797124,0.254975028,0.280160872,0.06380882,-0.002957739,0.083302133,0.206235515,0.279644129,0.284797124,0.284797124,0.284797124,0.284797124,0.284797124,0.280160872,0.158171254,-0.001808669,0.086679287,0.206713601,0.269556475,0.284797124,0.284797124,0.284797124,0.284797124,0.284797124,0.280160872,0.127792912,0.000416662,0.087973721,0.198903651,0.27456382,0.284797124,0.284797124,0.284797124,0.284797124,0.284797124,0.280160872,0.072845241,-0.002399047,0.096454213,0.167669883,0.25026235,0.284797124,0.284797124,0.284797124,0.284797124,0.284797124,0.280160872,0.103838727,-0.003290847,0.082760244,0.223558289,0.264622374,0.284797124,0.284797124,0.284797124,0.284797124
23,0.24847793,0.112669637,0.112669637,0.263243492,0.142867341,-0.000186174,0.052886402,0.076210774,0.115102639,0.115102639,0.115102639,0.115102639,0.101724514,0.112669637,0.270567528,0.087972751,0,0.051825605,0.106687335,0.115102639,0.115102639,0.115102639,0.115102639,0.001844044,0.112669637,0.22823743,0.098050022,-0.000867211,0.076210774,0.115102639,0.115102639,0.115102639,0.115102639,0.115102639,0.057068729,0.112669637,0.255932038,0.070492669,-0.000170851,0.067315491,0.102598905,0.115102639,0.115102639,0.115102639,0.115102639,0.090811197,0.112669637,0.227443931,0.072471583,-0.002346734,0.055871649,0.110855266,0.115102639,0.115102639,0.115102639,0.115102639,0.115102639,0.112669637,0.318945357,0.111274674,-0.000968707,0.054762596,0.102598905,0.115102639,0.115102639,0.115102639,0.115102639,0.115102639,0.112669637,0.294087792,0.056116406,-0.002200969,0.048969224,0.106687335,0.115102639,0.115102639,0.115102639,0.115102639,0.115102639,0.112669637,0.241777571,0.100674358,-0.001572319,0.031189302,0.087041348,0.115102639,0.115102639,0.115102639,0.115102639,0.115102639,0.112669637,0.270567528,0.084806825,-0.00219099,0.066099879,0.098590033,0.115102639,0.115102639,0.115102639,0.115102639
24,0.34618952,0.012587943,0.012587943,0.360996617,0.256200839,0.051035687,-0.001291214,0.001468827,0.013452497,0.013452497,0.013452497,0.013452497,0.200129989,0.012587943,0.364993098,0.202769697,0.051825605,0,0.010258332,0.013452497,0.013452497,0.013452497,0.013452497,0.029157428,0.012587943,0.331414835,0.210477338,0.037941247,0.001468827,0.013452497,0.013452497,0.013452497,0.013452497,0.013452497,-0.001009071,0.012587943,0.354788192,0.176170613,0.067685001,-7.24E-05,0.008813875,0.013452497,0.013452497,0.013452497,0.013452497,0.005080227,0.012587943,0.326082469,0.18308699,0.050516612,-0.001176674,0.011804236,0.013452497,0.013452497,0.013452497,0.013452497,0.013452497,0.012587943,0.408750971,0.225995104,0.039905649,-0.001254124,0.008813875,0.013452497,0.013452497,0.013452497,0.013452497,0.013452497,0.012587943,0.387345263,0.163017057,0.045831844,-0.001304454,0.010258332,0.013452497,0.013452497,0.013452497,0.013452497,0.013452497,0.012587943,0.342812982,0.209873954,0.039557078,0.001171366,0.004032653,0.013452497,0.013452497,0.013452497,0.013452497,0.013452497,0.012587943,0.364993098,0.192336681,0.059590693,-0.000244181,0.007469964,0.013452497,0.013452497,0.013452497,0.013452497
25,0.413927667,1.00E-06,1.00E-06,0.428921917,0.327491248,0.104279308,0.009699424,0.002501384,0.00010001,0.00010001,0.00010001,0.00010001,0.267106152,1.00E-06,0.432111135,0.27456382,0.106687335,0.010258332,0,0.00010001,0.00010001,0.00010001,0.00010001,0.074059884,1.00E-06,0.400423853,0.281553381,0.087130428,0.002501384,0.00010001,0.00010001,0.00010001,0.00010001,0.00010001,0.008001831,1.00E-06,0.422923227,0.245439212,0.126661329,0.004565562,-0.000191292,0.00010001,0.00010001,0.00010001,0.00010001,0.000400618,1.00E-06,0.393844011,0.253788092,0.10474294,0.008433382,-9.75E-05,0.00010001,0.00010001,0.00010001,0.00010001,0.00010001,1.00E-06,0.475343652,0.29767778,0.089777912,0.008953992,-0.000191292,0.00010001,0.00010001,0.00010001,0.00010001,0.00010001,1.00E-06,0.454476438,0.232787491,0.098421557,0.011643388,-0.000194174,0.00010001,0.00010001,0.00010001,0.00010001,0.00010001,1.00E-06,0.411378614,0.280020402,0.089808186,0.023133117,0.000787871,0.00010001,0.00010001,0.00010001,0.00010001,0.00010001,1.00E-06,0.432111135,0.262059786,0.116960299,0.005016596,-9.03E-05,0.00010001,0.00010001,0.00010001,0.00010001
26,0.423857624,3.47E-20,3.47E-20,0.438886472,0.337694122,0.112494237,0.012813318,0.004329004,0,0,0,0,0.276839188,3.47E-20,0.442004587,0.284797124,0.115102639,0.013452497,0.00010001,0,0,0,0,0.081319524,3.47E-20,0.410459738,0.291715438,0.094890817,0.004329004,0,0,0,0,0,0.010856226,3.47E-20,0.432900433,0.255405115,0.135525293,0.006861063,0.000298552,0,0,0,0,0.001471021,3.47E-20,0.403754526,0.263904871,0.11308204,0.011369509,-4.32E-21,0,0,0,0,0,3.47E-20,0.485248525,0.307906653,0.097615156,0.011971568,0.000298552,0,0,0,0,0,3.47E-20,0.464400099,0.242804615,0.106575964,0.01501251,0.00010001,0,0,0,0,0,3.47E-20,0.421383648,0.290087017,0.097698294,0.027630566,0.00204948,0,0,0,0,0,3.47E-20,0.442004587,0.272076993,0.125656566,0.007397923,0.000594177,0,0,0,0
27,0.423857624,3.47E-20,3.47E-20,0.438886472,0.337694122,0.112494237,0.012813318,0.004329004,0,0,0,0,0.276839188,3.47E-20,0.442004587,0.284797124,0.115102639,0.013452497,0.00010001,0,0,0,0,0.081319524,3.47E-20,0.410459738,0.291715438,0.094890817,0.004329004,0,0,0,0,0,0.010856226,3.47E-20,0.432900433,0.255405115,0.135525293,0.006861063,0.000298552,0,0,0,0,0.001471021,3.47E-20,0.403754526,0.263904871,0.11308204,0.011369509,-4.32E-21,0,0,0,0,0,3.47E-20,0.485248525,0.307906653,0.097615156,0.011971568,0.000298552,0,0,0,0,0,3.47E-20,0.464400099,0.242804615,0.106575964,0.01501251,0.00010001,0,0,0,0,0,3.47E-20,0.421383648,0.290087017,0.097698294,0.027630566,0.00204948,0,0,0,0,0,3.47E-20,0.442004587,0.272076993,0.125656566,0.007397923,0.000594177,0,0,0,0
28,0.423857624,3.47E-20,3.47E-20,0.438886472,0.337694122,0.112494237,0.012813318,0.004329004,0,0,0,0,0.276839188,3.47E-20,0.442004587,0.284797124,0.115102639,0.013452497,0.00010001,0,0,0,0,0.081319524,3.47E-20,0.410459738,0.291715438,0.094890817,0.004329004,0,0,0,0,0,0.010856226,3.47E-20,0.432900433,0.255405115,0.135525293,0.006861063,0.000298552,0,0,0,0,0.001471021,3.47E-20,0.403754526,0.263904871,0.11308204,0.011369509,-4.32E-21,0,0,0,0,0,3.47E-20,0.485248525,0.307906653,0.097615156,0.011971568,0.000298552,0,0,0,0,0,3.47E-20,0.464400099,0.242804615,0.106575964,0.01501251,0.00010001,0,0,0,0,0,3.47E-20,0.421383648,0.290087017,0.097698294,0.027630566,0.00204948,0,0,0,0,0,3.47E-20,0.442004587,0.272076993,0.125656566,0.007397923,0.000594177,0,0,0,0
29,0.423857624,3.47E-20,3.47E-20,0.438886472,0.337694122,0.112494237,0.012813318,0.004329004,0,0,0,0,0.276839188,3.47E-20,0.442004587,0.284797124,0.115102639,0.013452497,0.00010001,0,0,0,0,0.081319524,3.47E-20,0.410459738,0.291715438,0.094890817,0.004329004,0,0,0,0,0,0.010856226,3.47E-20,0.432900433,0.255405115,0.135525293,0.006861063,0.000298552,0,0,0,0,0.001471021,3.47E-20,0.403754526,0.263904871,0.11308204,0.011369509,-4.32E-21,0,0,0,0,0,3.47E-20,0.485248525,0.307906653,0.097615156,0.011971568,0.000298552,0,0,0,0,0,3.47E-20,0.464400099,0.242804615,0.106575964,0.01501251,0.00010001,0,0,0,0,0,3.47E-20,0.421383648,0.290087017,0.097698294,0.027630566,0.00204948,0,0,0,0,0,3.47E-20,0.442004587,0.272076993,0.125656566,0.007397923,0.000594177,0,0,0,0
3,0.246552758,0.078948886,0.078948886,0.26128591,0.148879794,0.000620635,0.02966307,0.048581452,0.081319524,0.081319524,0.081319524,0.081319524,0.104091706,0.078948886,0.267390722,0.097478218,0.001844044,0.029157428,0.074059884,0.081319524,0.081319524,0.081319524,0.081319524,0,0.078948886,0.228477808,0.105926443,-0.001862993,0.048581452,0.081319524,0.081319524,0.081319524,0.081319524,0.081319524,0.032581114,0.078948886,0.254396829,0.077780098,0.005793099,0.041152908,0.07056412,0.081319524,0.081319524,0.081319524,0.081319524,0.060611157,0.078948886,0.226015932,0.081524478,0.000893228,0.031936992,0.077644966,0.081319524,0.081319524,0.081319524,0.081319524,0.081319524,0.078948886,0.314326362,0.119280136,-0.001669521,0.031381578,0.07056412,0.081319524,0.081319524,0.081319524,0.081319524,0.081319524,0.078948886,0.290541015,0.06526335,-0.000110578,0.027020445,0.074059884,0.081319524,0.081319524,0.081319524,0.081319524,0.081319524,0.078948886,0.241113841,0.107128677,-0.000920978,0.01351814,0.057471089,0.081319524,0.081319524,0.081319524,0.081319524,0.081319524,0.078948886,0.267390722,0.091673132,0.004116771,0.040484402,0.067157516,0.081319524,0.081319524,0.081319524,0.081319524
30,0.418653186,-0.00010001,-0.00010001,0.433711298,0.332726313,0.109649549,0.011898409,0.003854649,3.47E-20,3.47E-20,3.47E-20,3.47E-20,0.271942519,-0.00010001,0.436807984,0.280160872,0.112669637,0.012587943,1.00E-06,3.47E-20,3.47E-20,3.47E-20,3.47E-20,0.078948886,0,0.405290769,0.286972119,0.092443049,0.003854649,3.47E-20,3.47E-20,3.47E-20,3.47E-20,3.47E-20,0.009930928,-0.00010001,0.427722686,0.250846436,0.132610584,0.006204784,0.000150791,3.47E-20,3.47E-20,3.47E-20,3.47E-20,0.001180102,-0.00010001,0.398534258,0.259373613,0.110551088,0.010495063,-4.98E-05,3.47E-20,3.47E-20,3.47E-20,3.47E-20,3.47E-20,-0.00010001,0.480152995,0.303100449,0.095099457,0.011147524,0.000150791,3.47E-20,3.47E-20,3.47E-20,3.47E-20,3.47E-20,-0.00010001,0.45925644,0.238439183,0.104126023,0.014108022,1.00E-06,3.47E-20,3.47E-20,3.47E-20,3.47E-20,3.47E-20,-0.00010001,0.416206612,0.285291353,0.09539972,0.02627696,0.001711895,3.47E-20,3.47E-20,3.47E-20,3.47E-20,3.47E-20,-0.00010001,0.436807984,0.267392075,0.123131183,0.006791739,0.000398177,3.47E-20,3.47E-20,3.47E-20,3.47E-20
31,-0.001944648,0.405290769,0.405290769,0.001050059,0.021173868,0.198704056,0.329965683,0.363816909,0.410459738,0.410459738,0.410459738,0.410459738,0.038463623,0.405290769,0.005568815,0.06065003,0.22823743,0.331414835,0.400423853,0.410459738,0.410459738,0.410459738,0.410459738,0.228477808,0.405290769,0,0.049291918,0.223981234,0.363816909,0.410459738,0.410459738,0.410459738,0.410459738,0.410459738,0.332372451,0.405290769,-0.001162063,0.069193685,0.196924982,0.350436802,0.395537924,0.410459738,0.410459738,0.410459738,0.410459738,0.381410275,0.405290769,-0.003927742,0.071635342,0.220776105,0.333667155,0.405397848,0.410459738,0.410459738,0.410459738,0.410459738,0.410459738,0.405290769,0.041303621,0.041475766,0.219706847,0.335036886,0.395537924,0.410459738,0.410459738,0.410459738,0.410459738,0.410459738,0.405290769,0.017497378,0.08746752,0.225323088,0.32788432,0.400423853,0.410459738,0.410459738,0.410459738,0.410459738,0.410459738,0.405290769,-0.003870946,0.044397762,0.234310663,0.296744369,0.376878351,0.410459738,0.410459738,0.410459738,0.410459738,0.410459738,0.405290769,0.005568815,0.056476091,0.224040556,0.351560663,0.390740236,0.410459738,0.410459738,0.410459738,0.410459738
32,0.068541397,0.286972119,0.286972119,0.080618518,0.002475036,0.07787872,0.209758727,0.24393742,0.291715438,0.291715438,0.291715438,0.291715438,-0.00104922,0.286972119,0.090098819,-0.003285214,0.098050022,0.210477338,0.281553381,0.291715438,0.291715438,0.291715438,0.291715438,0.105926443,0.286972119,0.049291918,0,0.099190399,0.24393742,0.291715438,0.291715438,0.291715438,0.291715438,0.291715438,0.213131448,0.286972119,0.073554933,-0.001144805,0.072004805,0.230639509,0.276585137,0.291715438,0.291715438,0.291715438,0.291715438,0.262134702,0.286972119,0.052100939,-0.001255104,0.092919491,0.213699984,0.286596902,0.291715438,0.291715438,0.291715438,0.291715438,0.291715438,0.286972119,0.143370146,-0.003483218,0.095524579,0.214351057,0.276585137,0.291715438,0.291715438,0.291715438,0.291715438,0.291715438,0.286972119,0.113408971,0.003549004,0.097550579,0.206683544,0.281553381,0.291715438,0.291715438,0.291715438,0.291715438,0.291715438,0.286972119,0.060657994,-0.003813911,0.106087179,0.175535215,0.257470206,0.291715438,0.291715438,0.291715438,0.291715438,0.291715438,0.286972119,0.090098819,-0.003326355,0.09302958,0.231101375,0.271692433,0.291715438,0.291715438,0.291715438,0.291715438
33,0.242877757,0.092443049,0.092443049,0.257612586,0.142491233,-0.001122722,0.03862862,0.05951067,0.094890817,0.094890817,0.094890817,0.094890817,0.099421375,0.092443049,0.264197976,0.090240475,-0.000867211,0.037941247,0.087130428,0.094890817,0.094890817,0.094890817,0.094890817,-0.001862993,0.092443049,0.223981234,0.099190399,0,0.05951067,0.094890817,0.094890817,0.094890817,0.094890817,0.094890817,0.042027259,0.092443049,0.25056132,0.071581197,0.001996529,0.051409268,0.083378775,0.094890817,0.094890817,0.094890817,0.094890817,0.072637211,0.092443049,0.222175473,0.07464031,-0.001496573,0.04120171,0.090967754,0.094890817,0.094890817,0.094890817,0.094890817,0.094890817,0.092443049,0.311739877,0.112373487,-0.00253632,0.040464736,0.083378775,0.094890817,0.094890817,0.094890817,0.094890817,0.094890817,0.092443049,0.287500457,0.058579554,-0.001987749,0.035502689,0.087130428,0.094890817,0.094890817,0.094890817,0.094890817,0.094890817,0.092443049,0.236950034,0.100902389,-0.002115014,0.020061319,0.069227609,0.094890817,0.094890817,0.094890817,0.094890817,0.094890817,0.092443049,0.264197976,0.085457065,0.000560812,0.050560197,0.07971273,0.094890817,0.094890817,0.094890817,0.094890817
34,0.377901444,0.003854649,0.003854649,0.392774453,0.289824751,0.074772622,0.001243341,-0.000834028,0.004329004,0.004329004,0.004329004,0.004329004,0.231513352,0.003854649,0.396337405,0.236571726,0.076210774,0.001468827,0.002501384,0.004329004,0.004329004,0.004329004,0.004329004,0.048581452,0.003854649,0.363816909,0.24393742,0.05951067,0,0.004329004,0.004329004,0.004329004,0.004329004,0.004329004,0.000599019,0.003854649,0.386689865,0.208638405,0.094319928,-0.000621247,0.00174057,0.004329004,0.004329004,0.004329004,0.004329004,5.64E-05,0.003854649,0.357843841,0.216287555,0.074622446,0.000692224,0.003363809,0.004329004,0.004329004,0.004329004,0.004329004,0.004329004,0.003854649,0.439689261,0.259788108,0.061839931,0.000875391,0.00174057,0.004329004,0.004329004,0.004329004,0.004329004,0.004329004,0.003854649,0.41863624,0.195680888,0.069090249,0.002148097,0.002501384,0.004329004,0.004329004,0.004329004,0.004329004,0.004329004,0.003854649,0.374964062,0.242866106,0.061594248,0.009082049,-0.000309215,0.004329004,0.004329004,0.004329004,0.004329004,0.004329004,0.003854649,0.396337405,0.225078189,0.085268109,-0.000522466,0.001080221,0.004329004,0.004329004,0.004329004,0.004329004
35,0.423857624,3.47E-20,3.47E-20,0.438886472,0.337694122,0.112494237,0.012813318,0.004329004,0,0,0,0,0.276839188,3.47E-20,0.442004587,0.284797124,0.115102639,0.013452497,0.00010001,0,0,0,0,0.081319524,3.47E-20,0.410459738,0.291715438,0.094890817,0.004329004,0,0,0,0,0,0.010856226,3.47E-20,0.432900433,0.255405115,0.135525293,0.006861063,0.000298552,0,0,0,0,0.001471021,3.47E-20,0.403754526,0.263904871,0.11308204,0.011369509,-4.32E-21,0,0,0,0,0,3.47E-20,0.485248525,0.307906653,0.097615156,0.011971568,0.000298552,0,0,0,0,0,3.47E-20,0.464400099,0.242804615,0.106575964,0.01501251,0.00010001,0,0,0,0,0,3.47E-20,0.421383648,0.290087017,0.097698294,0.027630566,0.00204948,0,0,0,0,0,3.47E-20,0.442004587,0.272076993,0.125656566,0.007397923,0.000594177,0,0,0,0
36,0.423857624,3.47E-20,3.47E-20,0.438886472,0.337694122,0.112494237,0.012813318,0.004329004,0,0,0,0,0.276839188,3.47E-20,0.442004587,0.284797124,0.115102639,0.013452497,0.00010001,0,0,0,0,0.081319524,3.47E-20,0.410459738,0.291715438,0.094890817,0.004329004,0,0,0,0,0,0.010856226,3.47E-20,0.432900433,0.255405115,0.135525293,0.006861063,0.000298552,0,0,0,0,0.001471021,3.47E-20,0.403754526,0.263904871,0.11308204,0.011369509,-4.32E-21,0,0,0,0,0,3.47E-20,0.485248525,0.307906653,0.097615156,0.011971568,0.000298552,0,0,0,0,0,3.47E-20,0.464400099,0.242804615,0.106575964,0.01501251,0.00010001,0,0,0,0,0,3.47E-20,0.421383648,0.290087017,0.097698294,0.027630566,0.00204948,0,0,0,0,0,3.47E-20,0.442004587,0.272076993,0.125656566,0.007397923,0.000594177,0,0,0,0
37,0.423857624,3.47E-20,3.47E-20,0.438886472,0.337694122,0.112494237,0.012813318,0.004329004,0,0,0,0,0.276839188,3.47E-20,0.442004587,0.284797124,0.115102639,0.013452497,0.00010001,0,0,0,0,0.081319524,3.47E-20,0.410459738,0.291715438,0.094890817,0.004329004,0,0,0,0,0,0.010856226,3.47E-20,0.432900433,0.255405115,0.135525293,0.006861063,0.000298552,0,0,0,0,0.001471021,3.47E-20,0.403754526,0.263904871,0.11308204,0.011369509,-4.32E-21,0,0,0,0,0,3.47E-20,0.485248525,0.307906653,0.097615156,0.011971568,0.000298552,0,0,0,0,0,3.47E-20,0.464400099,0.242804615,0.106575964,0.01501251,0.00010001,0,0,0,0,0,3.47E-20,0.421383648,0.290087017,0.097698294,0.027630566,0.00204948,0,0,0,0,0,3.47E-20,0.442004587,0.272076993,0.125656566,0.007397923,0.000594177,0,0,0,0
38,0.423857624,3.47E-20,3.47E-20,0.438886472,0.337694122,0.112494237,0.012813318,0.004329004,0,0,0,0,0.276839188,3.47E-20,0.442004587,0.284797124,0.115102639,0.013452497,0.00010001,0,0,0,0,0.081319524,3.47E-20,0.410459738,0.291715438,0.094890817,0.004329004,0,0,0,0,0,0.010856226,3.47E-20,0.432900433,0.255405115,0.135525293,0.006861063,0.000298552,0,0,0,0,0.001471021,3.47E-20,0.403754526,0.263904871,0.11308204,0.011369509,-4.32E-21,0,0,0,0,0,3.47E-20,0.485248525,0.307906653,0.097615156,0.011971568,0.000298552,0,0,0,0,0,3.47E-20,0.464400099,0.242804615,0.106575964,0.01501251,0.00010001,0,0,0,0,0,3.47E-20,0.421383648,0.290087017,0.097698294,0.027630566,0.00204948,0,0,0,0,0,3.47E-20,0.442004587,0.272076993,0.125656566,0.007397923,0.000594177,0,0,0,0
39,0.423857624,3.47E-20,3.47E-20,0.438886472,0.337694122,0.112494237,0.012813318,0.004329004,0,0,0,0,0.276839188,3.47E-20,0.442004587,0.284797124,0.115102639,0.013452497,0.00010001,0,0,0,0,0.081319524,3.47E-20,0.410459738,0.291715438,0.094890817,0.004329004,0,0,0,0,0,0.010856226,3.47E-20,0.432900433,0.255405115,0.135525293,0.006861063,0.000298552,0,0,0,0,0.001471021,3.47E-20,0.403754526,0.263904871,0.11308204,0.011369509,-4.32E-21,0,0,0,0,0,3.47E-20,0.485248525,0.307906653,0.097615156,0.011971568,0.000298552,0,0,0,0,0,3.47E-20,0.464400099,0.242804615,0.106575964,0.01501251,0.00010001,0,0,0,0,0,3.47E-20,0.421383648,0.290087017,0.097698294,0.027630566,0.00204948,0,0,0,0,0,3.47E-20,0.442004587,0.272076993,0.125656566,0.007397923,0.000594177,0,0,0,0
4,0.3467914,0.009930928,0.009930928,0.361667764,0.258251147,0.05498489,-0.001197876,0.000599019,0.010856226,0.010856226,0.010856226,0.010856226,0.20164534,0.009930928,0.36545518,0.205841197,0.057068729,-0.001009071,0.008001831,0.010856226,0.010856226,0.010856226,0.010856226,0.032581114,0.009930928,0.332372451,0.213131448,0.042027259,0.000599019,0.010856226,0.010856226,0.010856226,0.010856226,0.010856226,0,0.009930928,0.355506768,0.178990254,0.072593913,-0.00064041,0.006728553,0.010856226,0.010856226,0.010856226,0.010856226,0.00351271,0.009930928,0.326697835,0.186240051,0.055401554,-0.001260653,0.009377392,0.010856226,0.010856226,0.010856226,0.010856226,0.010856226,0.009930928,0.409252397,0.228581045,0.043967144,-0.001115945,0.006728553,0.010856226,0.010856226,0.010856226,0.010856226,0.010856226,0.009930928,0.387882351,0.166429559,0.050584078,-0.000813546,0.008001831,0.010856226,0.010856226,0.010856226,0.010856226,0.010856226,0.009930928,0.343641615,0.212221774,0.044201914,0.002422179,0.002638919,0.010856226,0.010856226,0.010856226,0.010856226,0.010856226,0.009930928,0.36545518,0.194906834,0.06511317,-0.000587568,0.005556581,0.010856226,0.010856226,0.010856226,0.010856226
40,0.418653186,-0.00010001,-0.00010001,0.433711298,0.332726313,0.109649549,0.011898409,0.003854649,3.47E-20,3.47E-20,3.47E-20,3.47E-20,0.271942519,-0.00010001,0.436807984,0.280160872,0.112669637,0.012587943,1.00E-06,3.47E-20,3.47E-20,3.47E-20,3.47E-20,0.078948886,-0.00010001,0.405290769,0.286972119,0.092443049,0.003854649,3.47E-20,3.47E-20,3.47E-20,3.47E-20,3.47E-20,0.009930928,0,0.427722686,0.250846436,0.132610584,0.006204784,0.000150791,3.47E-20,3.47E-20,3.47E-20,3.47E-20,0.001180102,-0.00010001,0.398534258,0.259373613,0.110551088,0.010495063,-4.98E-05,3.47E-20,3.47E-20,3.47E-20,3.47E-20,3.47E-20,-0.00010001,0.480152995,0.303100449,0.095099457,0.011147524,0.000150791,3.47E-20,3.47E-20,3.47E-20,3.47E-20,3.47E-20,-0.00010001,0.45925644,0.238439183,0.104126023,0.014108022,1.00E-06,3.47E-20,3.47E-20,3.47E-20,3.47E-20,3.47E-20,-0.00010001,0.416206612,0.285291353,0.09539972,0.02627696,0.001711895,3.47E-20,3.47E-20,3.47E-20,3.47E-20,3.47E-20,-0.00010001,0.436807984,0.267392075,0.123131183,0.006791739,0.000398177,3.47E-20,3.47E-20,3.47E-20,3.47E-20
41,-0.004531531,0.427722686,0.427722686,-0.004520342,0.040962107,0.225510786,0.353258884,0.386689865,0.432900433,0.432900433,0.432900433,0.432900433,0.059005102,0.427722686,-0.002781438,0.086499086,0.255932038,0.354788192,0.422923227,0.432900433,0.432900433,0.432900433,0.432900433,0.254396829,0.427722686,-0.001162063,0.073554933,0.25056132,0.386689865,0.432900433,0.432900433,0.432900433,0.432900433,0.432900433,0.355506768,0.427722686,0,0.094603397,0.224920154,0.373434685,0.418071993,0.432900433,0.432900433,0.432900433,0.432900433,0.404069347,0.427722686,-0.002091399,0.097922328,0.2482326,0.356880974,0.427866083,0.432900433,0.432900433,0.432900433,0.432900433,0.432900433,0.427722686,0.022427666,0.065063783,0.246326399,0.358329053,0.418071993,0.432900433,0.432900433,0.432900433,0.432900433,0.432900433,0.427722686,0.003831418,0.114507911,0.25254714,0.351341823,0.422923227,0.432900433,0.432900433,0.432900433,0.432900433,0.432900433,0.427722686,-0.003787879,0.067555465,0.261259813,0.320693189,0.399585921,0.432900433,0.432900433,0.432900433,0.432900433,0.432900433,0.427722686,-0.002781438,0.080860418,0.25216313,0.374627928,0.413312514,0.432900433,0.432900433,0.432900433,0.432900433
42,0.088866449,0.250846436,0.250846436,0.101815546,0.013125188,0.052910005,0.175592986,0.208638405,0.255405115,0.255405115,0.255405115,0.255405115,0.00184509,0.250846436,0.11080141,-0.002424186,0.070492669,0.176170613,0.245439212,0.255405115,0.255405115,0.255405115,0.255405115,0.077780098,0.250846436,0.069193685,-0.001144805,0.071581197,0.208638405,0.255405115,0.255405115,0.255405115,0.255405115,0.255405115,0.178990254,0.250846436,0.094603397,0,0.047858114,0.195781124,0.240570292,0.255405115,0.255405115,0.255405115,0.255405115,0.226422471,0.250846436,0.071066168,-0.003588606,0.065949632,0.179419999,0.250384231,0.255405115,0.255405115,0.255405115,0.255405115,0.255405115,0.250846436,0.163386353,0.001874414,0.068332549,0.179933229,0.240570292,0.255405115,0.255405115,0.255405115,0.255405115,0.255405115,0.250846436,0.134479043,-0.002439384,0.070040357,0.172488241,0.245439212,0.255405115,0.255405115,0.255405115,0.255405115,0.255405115,0.250846436,0.081233867,-0.000501778,0.077650829,0.142750349,0.221860297,0.255405115,0.255405115,0.255405115,0.255405115,0.255405115,0.250846436,0.11080141,-0.003093233,0.066118316,0.196118508,0.235777705,0.255405115,0.255405115,0.255405115,0.255405115
43,0.217616754,0.132610584,0.132610584,0.232361173,0.113408609,-0.001206927,0.068451336,0.094319928,0.135525293,0.135525293,0.135525293,0.135525293,0.076363088,0.132610584,0.240104222,0.062850153,-0.000170851,0.067685001,0.126661329,0.135525293,0.135525293,0.135525293,0.135525293,0.005793099,0.132610584,0.196924982,0.072004805,0.001996529,0.094319928,0.135525293,0.135525293,0.135525293,0.135525293,0.135525293,0.072593913,0.132610584,0.224920154,0.047858114,0,0.084416675,0.122345741,0.135525293,0.135525293,0.135525293,0.135525293,0.109865916,0.132610584,0.196639724,0.049358764,-0.000808011,0.071689217,0.131054551,0.135525293,0.135525293,0.135525293,0.135525293,0.135525293,0.132610584,0.289656326,0.083924915,0.001253837,0.070872492,0.122345741,0.135525293,0.135525293,0.135525293,0.135525293,0.135525293,0.132610584,0.26396161,0.035482522,0.000240283,0.064577168,0.126661329,0.135525293,0.135525293,0.135525293,0.135525293,0.135525293,0.132610584,0.210573156,0.074574333,0.002403976,0.043816884,0.105862,0.135525293,0.135525293,0.135525293,0.135525293,0.135525293,0.132610584,0.240104222,0.060383206,-0.001039855,0.083484783,0.1181079,0.135525293,0.135525293,0.135525293,0.135525293
44,0.364686275,0.006204784,0.006204784,0.379553508,0.276285867,0.065752223,-0.000258259,-0.000621247,0.006861063,0.006861063,0.006861063,0.006861063,0.218700386,0.006204784,0.38322403,0.223261723,0.067315491,-7.24E-05,0.004565562,0.006861063,0.006861063,0.006861063,0.006861063,0.041152908,0.006204784,0.350436802,0.230639509,0.051409268,-0.000621247,0.006861063,0.006861063,0.006861063,0.006861063,0.006861063,-0.00064041,0.006204784,0.373434685,0.195781124,0.084416675,0,0.003571302,0.006861063,0.006861063,0.006861063,0.006861063,0.001189726,0.006204784,0.344613826,0.203238727,0.065732895,-0.000587568,0.005661788,0.006861063,0.006861063,0.006861063,0.006861063,0.006861063,0.006204784,0.426743155,0.246339363,0.05358319,-0.000444903,0.003571302,0.006861063,0.006861063,0.006861063,0.006861063,0.006861063,0.006204784,0.405564661,0.18292098,0.060503897,0.000387259,0.004565562,0.006861063,0.006861063,0.006861063,0.006861063,0.006861063,0.006204784,0.361644042,0.229662561,0.053470622,0.005711494,0.00059281,0.006861063,0.006861063,0.006861063,0.006861063,0.006861063,0.006204784,0.38322403,0.212039036,0.075934372,-0.000990742,0.002677942,0.006861063,0.006861063,0.006861063,0.006861063
45,0.409100782,0.000150791,0.000150791,0.424078373,0.322506836,0.100297582,0.008295636,0.00174057,0.000298552,0.000298552,0.000298552,0.000298552,0.262364277,0.000150791,0.427306622,0.269556475,0.102598905,0.008813875,-0.000191292,0.000298552,0.000298552,0.000298552,0.000298552,0.07056412,0.000150791,0.395537924,0.276585137,0.083378775,0.00174057,0.000298552,0.000298552,0.000298552,0.000298552,0.000298552,0.006728553,0.000150791,0.418071993,0.240570292,0.122345741,0.003571302,0,0.000298552,0.000298552,0.000298552,0.000298552,1.74E-05,0.000150791,0.389024873,0.248840026,0.100694598,0.007118736,2.97E-06,0.000298552,0.000298552,0.000298552,0.000298552,0.000298552,0.000150791,0.470539804,0.29267585,0.085987388,0.007598113,-0.000285628,0.000298552,0.000298552,0.000298552,0.000298552,0.000298552,0.000150791,0.449658903,0.227889118,0.094467556,0.010111116,-0.000191292,0.000298552,0.000298552,0.000298552,0.000298552,0.000298552,0.000150791,0.40651077,0.275102949,0.085988733,0.021034397,0.000309421,0.000298552,0.000298552,0.000298552,0.000298552,0.000298552,0.000150791,0.427306622,0.257166116,0.112727791,0.003979015,-0.000281398,0.000298552,0.000298552,0.000298552,0.000298552
46,0.423857624,3.47E-20,3.47E-20,0.438886472,0.337694122,0.112494237,0.012813318,0.004329004,0,0,0,0,0.276839188,3.47E-20,0.442004587,0.284797124,0.115102639,0.013452497,0.00010001,0,0,0,0,0.081319524,3.47E-20,0.410459738,0.291715438,0.094890817,0.004329004,0,0,0,0,0,0.010856226,3.47E-20,0.432900433,0.255405115,0.135525293,0.006861063,0.000298552,0,0,0,0,0.001471021,3.47E-20,0.403754526,0.263904871,0.11308204,0.011369509,-4.32E-21,0,0,0,0,0,3.47E-20,0.485248525,0.307906653,0.097615156,0.011971568,0.000298552,0,0,0,0,0,3.47E-20,0.464400099,0.242804615,0.106575964,0.01501251,0.00010001,0,0,0,0,0,3.47E-20,0.421383648,0.290087017,0.097698294,0.027630566,0.00204948,0,0,0,0,0,3.47E-20,0.442004587,0.272076993,0.125656566,0.007397923,0.000594177,0,0,0,0
47,0.423857624,3.47E-20,3.47E-20,0.438886472,0.337694122,0.112494237,0.012813318,0.004329004,0,0,0,0,0.276839188,3.47E-20,0.442004587,0.284797124,0.115102639,0.013452497,0.00010001,0,0,0,0,0.081319524,3.47E-20,0.410459738,0.291715438,0.094890817,0.004329004,0,0,0,0,0,0.010856226,3.47E-20,0.432900433,0.255405115,0.135525293,0.006861063,0.000298552,0,0,0,0,0.001471021,3.47E-20,0.403754526,0.263904871,0.11308204,0.011369509,-4.32E-21,0,0,0,0,0,3.47E-20,0.485248525,0.307906653,0.097615156,0.011971568,0.000298552,0,0,0,0,0,3.47E-20,0.464400099,0.242804615,0.106575964,0.01501251,0.00010001,0,0,0,0,0,3.47E-20,0.421383648,0.290087017,0.097698294,0.027630566,0.00204948,0,0,0,0,0,3.47E-20,0.442004587,0.272076993,0.125656566,0.007397923,0.000594177,0,0,0,0
48,0.423857624,3.47E-20,3.47E-20,0.438886472,0.337694122,0.112494237,0.012813318,0.004329004,0,0,0,0,0.276839188,3.47E-20,0.442004587,0.284797124,0.115102639,0.013452497,0.00010001,0,0,0,0,0.081319524,3.47E-20,0.410459738,0.291715438,0.094890817,0.004329004,0,0,0,0,0,0.010856226,3.47E-20,0.432900433,0.255405115,0.135525293,0.006861063,0.000298552,0,0,0,0,0.001471021,3.47E-20,0.403754526,0.263904871,0.11308204,0.011369509,-4.32E-21,0,0,0,0,0,3.47E-20,0.485248525,0.307906653,0.097615156,0.011971568,0.000298552,0,0,0,0,0,3.47E-20,0.464400099,0.242804615,0.106575964,0.01501251,0.00010001,0,0,0,0,0,3.47E-20,0.421383648,0.290087017,0.097698294,0.027630566,0.00204948,0,0,0,0,0,3.47E-20,0.442004587,0.272076993,0.125656566,0.007397923,0.000594177,0,0,0,0
49,0.423857624,3.47E-20,3.47E-20,0.438886472,0.337694122,0.112494237,0.012813318,0.004329004,0,0,0,0,0.276839188,3.47E-20,0.442004587,0.284797124,0.115102639,0.013452497,0.00010001,0,0,0,0,0.081319524,3.47E-20,0.410459738,0.291715438,0.094890817,0.004329004,0,0,0,0,0,0.010856226,3.47E-20,0.432900433,0.255405115,0.135525293,0.006861063,0.000298552,0,0,0,0,0.001471021,3.47E-20,0.403754526,0.263904871,0.11308204,0.011369509,-4.32E-21,0,0,0,0,0,3.47E-20,0.485248525,0.307906653,0.097615156,0.011971568,0.000298552,0,0,0,0,0,3.47E-20,0.464400099,0.242804615,0.106575964,0.01501251,0.00010001,0,0,0,0,0,3.47E-20,0.421383648,0.290087017,0.097698294,0.027630566,0.00204948,0,0,0,0,0,3.47E-20,0.442004587,0.272076993,0.125656566,0.007397923,0.000594177,0,0,0,0
5,0.39517393,0.001180102,0.001180102,0.410104111,0.308024816,0.088855359,0.004685884,5.64E-05,0.001471021,0.001471021,0.001471021,0.001471021,0.248639213,0.001180102,0.41346293,0.254975028,0.090811197,0.005080227,0.000400618,0.001471021,0.001471021,0.001471021,0.001471021,0.060611157,0.001180102,0.381410275,0.262134702,0.072637211,5.64E-05,0.001471021,0.001471021,0.001471021,0.001471021,0.001471021,0.00351271,0.001180102,0.404069347,0.226422471,0.109865916,0.001189726,1.74E-05,0.001471021,0.001471021,0.001471021,0.001471021,0,0.001180102,0.375113481,0.234440272,0.08903488,0.003777044,0.000884717,0.001471021,0.001471021,0.001471021,0.001471021,0.001471021,0.001180102,0.456722966,0.278123366,0.075127571,0.004130938,1.74E-05,0.001471021,0.001471021,0.001471021,0.001471021,0.001471021,0.001180102,0.435784321,0.213637768,0.083098479,0.006113074,0.000400618,0.001471021,0.001471021,0.001471021,0.001471021,0.001471021,0.001180102,0.392447764,0.260816916,0.075032411,0.015330294,-0.000531331,0.001471021,0.001471021,0.001471021,0.001471021,0.001471021,0.001180102,0.41346293,0.242947701,0.100493991,0.001466096,-0.000266121,0.001471021,0.001471021,0.001471021,0.001471021
50,0.418653186,-0.00010001,-0.00010001,0.433711298,0.332726313,0.109649549,0.011898409,0.003854649,3.47E-20,3.47E-20,3.47E-20,3.47E-20,0.271942519,-0.00010001,0.436807984,0.280160872,0.112669637,0.012587943,1.00E-06,3.47E-20,3.47E-20,3.47E-20,3.47E-20,0.078948886,-0.00010001,0.405290769,0.286972119,0.092443049,0.003854649,3.47E-20,3.47E-20,3.47E-20,3.47E-20,3.47E-20,0.009930928,-0.00010001,0.427722686,0.250846436,0.132610584,0.006204784,0.000150791,3.47E-20,3.47E-20,3.47E-20,3.47E-20,0.001180102,0,0.398534258,0.259373613,0.110551088,0.010495063,-4.98E-05,3.47E-20,3.47E-20,3.47E-20,3.47E-20,3.47E-20,-0.00010001,0.480152995,0.303100449,0.095099457,0.011147524,0.000150791,3.47E-20,3.47E-20,3.47E-20,3.47E-20,3.47E-20,-0.00010001,0.45925644,0.238439183,0.104126023,0.014108022,1.00E-06,3.47E-20,3.47E-20,3.47E-20,3.47E-20,3.47E-20,-0.00010001,0.416206612,0.285291353,0.09539972,0.02627696,0.001711895,3.47E-20,3.47E-20,3.47E-20,3.47E-20,3.47E-20,-0.00010001,0.436807984,0.267392075,0.123131183,0.006791739,0.000398177,3.47E-20,3.47E-20,3.47E-20,3.47E-20
51,-0.003258666,0.398534258,0.398534258,-0.000384051,0.024313822,0.197317031,0.324514495,0.357843841,0.403754526,0.403754526,0.403754526,0.403754526,0.038956099,0.398534258,0.002639436,0.06380882,0.227443931,0.326082469,0.393844011,0.403754526,0.403754526,0.403754526,0.403754526,0.226015932,0.398534258,-0.003927742,0.052100939,0.222175473,0.357843841,0.403754526,0.403754526,0.403754526,0.403754526,0.403754526,0.326697835,0.398534258,-0.002091399,0.071066168,0.196639724,0.344613826,0.389024873,0.403754526,0.403754526,0.403754526,0.403754526,0.375113481,0.398534258,0,0.074182248,0.219804346,0.328113355,0.398753939,0.403754526,0.403754526,0.403754526,0.403754526,0.403754526,0.398534258,0.03482089,0.044708952,0.217965062,0.32960212,0.389024873,0.403754526,0.403754526,0.403754526,0.403754526,0.403754526,0.398534258,0.013568932,0.089590153,0.224111239,0.322656397,0.393844011,0.403754526,0.403754526,0.403754526,0.403754526,0.403754526,0.398534258,-0.003901536,0.046678555,0.232801211,0.292070652,0.370658789,0.403754526,0.403754526,0.403754526,0.403754526,0.403754526,0.398534258,0.002639436,0.0585399,0.22365657,0.345855326,0.384296653,0.403754526,0.403754526,0.403754526,0.403754526
52,0.092302002,0.259373613,0.259373613,0.105361624,0.013376711,0.055543906,0.182619682,0.216287555,0.263904871,0.263904871,0.263904871,0.263904871,0.00347699,0.259373613,0.114919363,-0.002957739,0.072471583,0.18308699,0.253788092,0.263904871,0.263904871,0.263904871,0.263904871,0.081524478,0.259373613,0.071635342,-0.001255104,0.07464031,0.216287555,0.263904871,0.263904871,0.263904871,0.263904871,0.263904871,0.186240051,0.259373613,0.097922328,-0.003588606,0.049358764,0.203238727,0.248840026,0.263904871,0.263904871,0.263904871,0.263904871,0.234440272,0.259373613,0.074182248,0,0.068129046,0.186558934,0.258809794,0.263904871,0.263904871,0.263904871,0.263904871,0.263904871,0.259373613,0.168599285,0.001625244,0.071324852,0.186962016,0.248840026,0.263904871,0.263904871,0.263904871,0.263904871,0.263904871,0.259373613,0.13896244,-0.002543007,0.072470931,0.179290191,0.253788092,0.263904871,0.263904871,0.263904871,0.263904871,0.263904871,0.259373613,0.08410777,-0.000176596,0.080394265,0.148901365,0.229789385,0.263904871,0.263904871,0.263904871,0.263904871,0.263904871,0.259373613,0.114919363,-0.002788571,0.067662864,0.203467656,0.243965858,0.263904871,0.263904871,0.263904871,0.263904871
53,0.240743496,0.110551088,0.110551088,0.255498816,0.136741868,-0.001340641,0.051425884,0.074622446,0.11308204,0.11308204,0.11308204,0.11308204,0.095807221,0.110551088,0.262702026,0.083302133,-0.002346734,0.050516612,0.10474294,0.11308204,0.11308204,0.11308204,0.11308204,0.000893228,0.110551088,0.220776105,0.092919491,-0.001496573,0.074622446,0.11308204,0.11308204,0.11308204,0.11308204,0.11308204,0.055401554,0.110551088,0.2482326,0.065949632,-0.000808011,0.065732895,0.100694598,0.11308204,0.11308204,0.11308204,0.11308204,0.08903488,0.110551088,0.219804346,0.068129046,0,0.054355026,0.1088721,0.11308204,0.11308204,0.11308204,0.11308204,0.11308204,0.110551088,0.311066906,0.105904988,-0.001685648,0.053396715,0.100694598,0.11308204,0.11308204,0.11308204,0.11308204,0.11308204,0.110551088,0.286225332,0.052291257,-0.002413138,0.047718166,0.10474294,0.11308204,0.11308204,0.11308204,0.11308204,0.11308204,0.110551088,0.234186142,0.095293419,-0.00169553,0.029964496,0.085310208,0.11308204,0.11308204,0.11308204,0.11308204,0.11308204,0.110551088,0.262702026,0.079832033,-0.001979165,0.064664899,0.096727115,0.11308204,0.11308204,0.11308204,0.11308204
54,0.348209017,0.010495063,0.010495063,0.363056062,0.259112249,0.054353777,-0.001276624,0.000692224,0.011369509,0.011369509,0.011369509,0.011369509,0.202619279,0.010495063,0.366914148,0.206235515,0.055871649,-0.001176674,0.008433382,0.011369509,0.011369509,0.011369509,0.011369509,0.031936992,0.010495063,0.333667155,0.213699984,0.04120171,0.000692224,0.011369509,0.011369509,0.011369509,0.011369509,0.011369509,-0.001260653,0.010495063,0.356880974,0.179419999,0.071689217,-0.000587568,0.007118736,0.011369509,0.011369509,0.011369509,0.011369509,0.003777044,0.010495063,0.328113355,0.186558934,0.054355026,0,0.009849984,0.011369509,0.011369509,0.011369509,0.011369509,0.011369509,0.010495063,0.410663733,0.229202083,0.04317498,-0.001239297,0.007118736,0.011369509,0.011369509,0.011369509,0.011369509,0.011369509,0.010495063,0.389301046,0.166593805,0.049548501,-0.001025449,0.008433382,0.011369509,0.011369509,0.011369509,0.011369509,0.011369509,0.010495063,0.344980516,0.212904795,0.043143079,0.00211441,0.002860788,0.011369509,0.011369509,0.011369509,0.011369509,0.011369509,0.010495063,0.366914148,0.195470293,0.063863699,-0.000624544,0.005905092,0.011369509,0.011369509,0.011369509,0.011369509
55,0.418846653,-4.98E-05,-4.98E-05,0.43385799,0.332553763,0.108344859,0.011205007,0.003363809,-4.32E-21,-4.32E-21,-4.32E-21,-4.32E-21,0.271931178,-4.98E-05,0.437010484,0.279644129,0.110855266,0.011804236,-9.75E-05,-4.32E-21,-4.32E-21,-4.32E-21,-4.32E-21,0.077644966,-4.98E-05,0.405397848,0.286596902,0.090967754,0.003363809,-4.32E-21,-4.32E-21,-4.32E-21,-4.32E-21,-4.32E-21,0.009377392,-4.98E-05,0.427866083,0.250384231,0.131054551,0.005661788,2.97E-06,-4.32E-21,-4.32E-21,-4.32E-21,-4.32E-21,0.000884717,-4.98E-05,0.398753939,0.258809794,0.1088721,0.009849984,0,-4.32E-21,-4.32E-21,-4.32E-21,-4.32E-21,-4.32E-21,-4.98E-05,0.480246569,0.302754805,0.093653817,0.010411495,2.97E-06,-4.32E-21,-4.32E-21,-4.32E-21,-4.32E-21,-4.32E-21,-4.98E-05,0.459390194,0.237759406,0.102457697,0.013276894,-9.75E-05,-4.32E-21,-4.32E-21,-4.32E-21,-4.32E-21,-4.32E-21,-4.98E-05,0.416336291,0.285015172,0.093711363,0.025331616,0.001367471,-4.32E-21,-4.32E-21,-4.32E-21,-4.32E-21,-4.32E-21,-4.98E-05,0.437010484,0.267030157,0.121269924,0.006155879,0.000201113,-4.32E-21,-4.32E-21,-4.32E-21,-4.32E-21
56,0.423857624,3.47E-20,3.47E-20,0.438886472,0.337694122,0.112494237,0.012813318,0.004329004,0,0,0,0,0.276839188,3.47E-20,0.442004587,0.284797124,0.115102639,0.013452497,0.00010001,0,0,0,0,0.081319524,3.47E-20,0.410459738,0.291715438,0.094890817,0.004329004,0,0,0,0,0,0.010856226,3.47E-20,0.432900433,0.255405115,0.135525293,0.006861063,0.000298552,0,0,0,0,0.001471021,3.47E-20,0.403754526,0.263904871,0.11308204,0.011369509,-4.32E-21,0,0,0,0,0,3.47E-20,0.485248525,0.307906653,0.097615156,0.011971568,0.000298552,0,0,0,0,0,3.47E-20,0.464400099,0.242804615,0.106575964,0.01501251,0.00010001,0,0,0,0,0,3.47E-20,0.421383648,0.290087017,0.097698294,0.027630566,0.00204948,0,0,0,0,0,3.47E-20,0.442004587,0.272076993,0.125656566,0.007397923,0.000594177,0,0,0,0
57,0.423857624,3.47E-20,3.47E-20,0.438886472,0.337694122,0.112494237,0.012813318,0.004329004,0,0,0,0,0.276839188,3.47E-20,0.442004587,0.284797124,0.115102639,0.013452497,0.00010001,0,0,0,0,0.081319524,3.47E-20,0.410459738,0.291715438,0.094890817,0.004329004,0,0,0,0,0,0.010856226,3.47E-20,0.432900433,0.255405115,0.135525293,0.006861063,0.000298552,0,0,0,0,0.001471021,3.47E-20,0.403754526,0.263904871,0.11308204,0.011369509,-4.32E-21,0,0,0,0,0,3.47E-20,0.485248525,0.307906653,0.097615156,0.011971568,0.000298552,0,0,0,0,0,3.47E-20,0.464400099,0.242804615,0.106575964,0.01501251,0.00010001,0,0,0,0,0,3.47E-20,0.421383648,0.290087017,0.097698294,0.027630566,0.00204948,0,0,0,0,0,3.47E-20,0.442004587,0.272076993,0.125656566,0.007397923,0.000594177,0,0,0,0
58,0.423857624,3.47E-20,3.47E-20,0.438886472,0.337694122,0.112494237,0.012813318,0.004329004,0,0,0,0,0.276839188,3.47E-20,0.442004587,0.284797124,0.115102639,0.013452497,0.00010001,0,0,0,0,0.081319524,3.47E-20,0.410459738,0.291715438,0.094890817,0.004329004,0,0,0,0,0,0.010856226,3.47E-20,0.432900433,0.255405115,0.135525293,0.006861063,0.000298552,0,0,0,0,0.001471021,3.47E-20,0.403754526,0.263904871,0.11308204,0.011369509,-4.32E-21,0,0,0,0,0,3.47E-20,0.485248525,0.307906653,0.097615156,0.011971568,0.000298552,0,0,0,0,0,3.47E-20,0.464400099,0.242804615,0.106575964,0.01501251,0.00010001,0,0,0,0,0,3.47E-20,0.421383648,0.290087017,0.097698294,0.027630566,0.00204948,0,0,0,0,0,3.47E-20,0.442004587,0.272076993,0.125656566,0.007397923,0.000594177,0,0,0,0
59,0.423857624,3.47E-20,3.47E-20,0.438886472,0.337694122,0.112494237,0.012813318,0.004329004,0,0,0,0,0.276839188,3.47E-20,0.442004587,0.284797124,0.115102639,0.013452497,0.00010001,0,0,0,0,0.081319524,3.47E-20,0.410459738,0.291715438,0.094890817,0.004329004,0,0,0,0,0,0.010856226,3.47E-20,0.432900433,0.255405115,0.135525293,0.006861063,0.000298552,0,0,0,0,0.001471021,3.47E-20,0.403754526,0.263904871,0.11308204,0.011369509,-4.32E-21,0,0,0,0,0,3.47E-20,0.485248525,0.307906653,0.097615156,0.011971568,0.000298552,0,0,0,0,0,3.47E-20,0.464400099,0.242804615,0.106575964,0.01501251,0.00010001,0,0,0,0,0,3.47E-20,0.421383648,0.290087017,0.097698294,0.027630566,0.00204948,0,0,0,0,0,3.47E-20,0.442004587,0.272076993,0.125656566,0.007397923,0.000594177,0,0,0,0
6,0.423857624,3.47E-20,3.47E-20,0.438886472,0.337694122,0.112494237,0.012813318,0.004329004,0,0,0,0,0.276839188,3.47E-20,0.442004587,0.284797124,0.115102639,0.013452497,0.00010001,0,0,0,0,0.081319524,3.47E-20,0.410459738,0.291715438,0.094890817,0.004329004,0,0,0,0,0,0.010856226,3.47E-20,0.432900433,0.255405115,0.135525293,0.006861063,0.000298552,0,0,0,0,0.001471021,3.47E-20,0.403754526,0.263904871,0.11308204,0.011369509,-4.32E-21,0,0,0,0,0,3.47E-20,0.485248525,0.307906653,0.097615156,0.011971568,0.000298552,0,0,0,0,0,3.47E-20,0.464400099,0.242804615,0.106575964,0.01501251,0.00010001,0,0,0,0,0,3.47E-20,0.421383648,0.290087017,0.097698294,0.027630566,0.00204948,0,0,0,0,0,3.47E-20,0.442004587,0.272076993,0.125656566,0.007397923,0.000594177,0,0,0,0
60,0.418653186,-0.00010001,-0.00010001,0.433711298,0.332726313,0.109649549,0.011898409,0.003854649,3.47E-20,3.47E-20,3.47E-20,3.47E-20,0.271942519,-0.00010001,0.436807984,0.280160872,0.112669637,0.012587943,1.00E-06,3.47E-20,3.47E-20,3.47E-20,3.47E-20,0.078948886,-0.00010001,0.405290769,0.286972119,0.092443049,0.003854649,3.47E-20,3.47E-20,3.47E-20,3.47E-20,3.47E-20,0.009930928,-0.00010001,0.427722686,0.250846436,0.132610584,0.006204784,0.000150791,3.47E-20,3.47E-20,3.47E-20,3.47E-20,0.001180102,-0.00010001,0.398534258,0.259373613,0.110551088,0.010495063,-4.98E-05,3.47E-20,3.47E-20,3.47E-20,3.47E-20,3.47E-20,0,0.480152995,0.303100449,0.095099457,0.011147524,0.000150791,3.47E-20,3.47E-20,3.47E-20,3.47E-20,3.47E-20,-0.00010001,0.45925644,0.238439183,0.104126023,0.014108022,1.00E-06,3.47E-20,3.47E-20,3.47E-20,3.47E-20,3.47E-20,-0.00010001,0.416206612,0.285291353,0.09539972,0.02627696,0.001711895,3.47E-20,3.47E-20,3.47E-20,3.47E-20,3.47E-20,-0.00010001,0.436807984,0.267392075,0.123131183,0.006791739,0.000398177,3.47E-20,3.47E-20,3.47E-20,3.47E-20
61,0.023858602,0.480152995,0.480152995,0.017905487,0.107699863,0.287974587,0.40718126,0.439689261,0.485248525,0.485248525,0.485248525,0.485248525,0.121525392,0.480152995,0.010921397,0.158171254,0.318945357,0.408750971,0.475343652,0.485248525,0.485248525,0.485248525,0.485248525,0.314326362,0.480152995,0.041303621,0.143370146,0.311739877,0.439689261,0.485248525,0.485248525,0.485248525,0.485248525,0.485248525,0.409252397,0.480152995,0.022427666,0.163386353,0.289656326,0.426743155,0.470539804,0.485248525,0.485248525,0.485248525,0.485248525,0.456722966,0.480152995,0.03482089,0.168599285,0.311066906,0.410663733,0.480246569,0.485248525,0.485248525,0.485248525,0.485248525,0.485248525,0.480152995,0,0.135243106,0.307714629,0.412148526,0.470539804,0.485248525,0.485248525,0.485248525,0.485248525,0.485248525,0.480152995,0.001610306,0.18474573,0.31480768,0.405453918,0.475343652,0.485248525,0.485248525,0.485248525,0.485248525,0.485248525,0.480152995,0.031741837,0.135465569,0.322741876,0.376003606,0.452315686,0.485248525,0.485248525,0.485248525,0.485248525,0.485248525,0.480152995,0.010921397,0.149296433,0.316116189,0.427956576,0.465835054,0.485248525,0.485248525,0.485248525,0.485248525
62,0.060419867,0.303100449,0.303100449,0.072026897,-0.000623339,0.090055573,0.225222986,0.259788108,0.307906653,0.307906653,0.307906653,0.307906653,-0.000645578,0.303100449,0.08171527,-0.001808669,0.111274674,0.225995104,0.29767778,0.307906653,0.307906653,0.307906653,0.307906653,0.119280136,0.303100449,0.041475766,-0.003483218,0.112373487,0.259788108,0.307906653,0.307906653,0.307906653,0.307906653,0.307906653,0.228581045,0.303100449,0.065063783,0.001874414,0.083924915,0.246339363,0.29267585,0.307906653,0.307906653,0.307906653,0.307906653,0.278123366,0.303100449,0.044708952,0.001625244,0.105904988,0.229202083,0.302754805,0.307906653,0.307906653,0.307906653,0.307906653,0.307906653,0.303100449,0.135243106,0,0.10854995,0.229905285,0.29267585,0.307906653,0.307906653,0.307906653,0.307906653,0.307906653,0.303100449,0.104788341,0.008022473,0.110730696,0.22216485,0.29767778,0.307906653,0.307906653,0.307906653,0.307906653,0.307906653,0.303100449,0.052455337,-0.003509149,0.119606037,0.190527284,0.27342456,0.307906653,0.307906653,0.307906653,0.307906653,0.307906653,0.303100449,0.08171527,-0.001629095,0.106030364,0.246847526,0.287749288,0.307906653,0.307906653,0.307906653,0.307906653
63,0.238661426,0.095099457,0.095099457,0.253393868,0.138421903,-0.001617543,0.040559466,0.061839931,0.097615156,0.097615156,0.097615156,0.097615156,0.095861408,0.095099457,0.260031173,0.086679287,-0.000968707,0.039905649,0.089777912,0.097615156,0.097615156,0.097615156,0.097615156,-0.001669521,0.095099457,0.219706847,0.095524579,-0.00253632,0.061839931,0.097615156,0.097615156,0.097615156,0.097615156,0.097615156,0.043967144,0.095099457,0.246326399,0.068332549,0.001253837,0.05358319,0.085987388,0.097615156,0.097615156,0.097615156,0.097615156,0.075127571,0.095099457,0.217965062,0.071324852,-0.001685648,0.04317498,0.093653817,0.097615156,0.097615156,0.097615156,0.097615156,0.097615156,0.095099457,0.307714629,0.10854995,0,0.042471327,0.085987388,0.097615156,0.097615156,0.097615156,0.097615156,0.097615156,0.095099457,0.283374283,0.055566132,-0.002050349,0.03742478,0.089777912,0.097615156,0.097615156,0.097615156,0.097615156,0.097615156,0.095099457,0.232690461,0.097235727,-0.001966369,0.021534508,0.07167804,0.097615156,0.097615156,0.097615156,0.097615156,0.097615156,0.095099457,0.260031173,0.081992207,0.00029388,0.052766439,0.082282192,0.097615156,0.097615156,0.097615156,0.097615156
64,0.349699824,0.011147524,0.011147524,0.364518022,0.260053428,0.053810805,-0.001265527,0.000875391,0.011971568,0.011971568,0.011971568,0.011971568,0.203672168,0.011147524,0.368445638,0.206713601,0.054762596,-0.001254124,0.008953992,0.011971568,0.011971568,0.011971568,0.011971568,0.031381578,0.011147524,0.335036886,0.214351057,0.040464736,0.000875391,0.011971568,0.011971568,0.011971568,0.011971568,0.011971568,-0.001115945,0.011147524,0.358329053,0.179933229,0.070872492,-0.000444903,0.007598113,0.011971568,0.011971568,0.011971568,0.011971568,0.004130938,0.011147524,0.32960212,0.186962016,0.053396715,-0.001239297,0.010411495,0.011971568,0.011971568,0.011971568,0.011971568,0.011971568,0.011147524,0.412148526,0.229905285,0.042471327,0,0.007598113,0.011971568,0.011971568,0.011971568,0.011971568,0.011971568,0.011147524,0.390792973,0.166843091,0.04860126,-0.001147157,0.008953992,0.011971568,0.011971568,0.011971568,0.011971568,0.011971568,0.011147524,0.346393813,0.213669428,0.042172732,0.001896375,0.003172328,0.011971568,0.011971568,0.011971568,0.011971568,0.011971568,0.011147524,0.368445638,0.1961163,0.062702004,-0.000571331,0.006342924,0.011971568,0.011971568,0.011971568,0.011971568
65,0.409100782,0.000150791,0.000150791,0.424078373,0.322506836,0.100297582,0.008295636,0.00174057,0.000298552,0.000298552,0.000298552,0.000298552,0.262364277,0.000150791,0.427306622,0.269556475,0.102598905,0.008813875,-0.000191292,0.000298552,0.000298552,0.000298552,0.000298552,0.07056412,0.000150791,0.395537924,0.276585137,0.083378775,0.00174057,0.000298552,0.000298552,0.000298552,0.000298552,0.000298552,0.006728553,0.000150791,0.418071993,0.240570292,0.122345741,0.003571302,-0.000285628,0.000298552,0.000298552,0.000298552,0.000298552,1.74E-05,0.000150791,0.389024873,0.248840026,0.100694598,0.007118736,2.97E-06,0.000298552,0.000298552,0.000298552,0.000298552,0.000298552,0.000150791,0.470539804,0.29267585,0.085987388,0.007598113,0,0.000298552,0.000298552,0.000298552,0.000298552,0.000298552,0.000150791,0.449658903,0.227889118,0.094467556,0.010111116,-0.000191292,0.000298552,0.000298552,0.000298552,0.000298552,0.000298552,0.000150791,0.40651077,0.275102949,0.085988733,0.021034397,0.000309421,0.000298552,0.000298552,0.000298552,0.000298552,0.000298552,0.000150791,0.427306622,0.257166116,0.112727791,0.003979015,-0.000281398,0.000298552,0.000298552,0.000298552,0.000298552
66,0.423857624,3.47E-20,3.47E-20,0.438886472,0.337694122,0.112494237,0.012813318,0.004329004,0,0,0,0,0.276839188,3.47E-20,0.442004587,0.284797124,0.115102639,0.013452497,0.00010001,0,0,0,0,0.081319524,3.47E-20,0.410459738,0.291715438,0.094890817,0.004329004,0,0,0,0,0,0.010856226,3.47E-20,0.432900433,0.255405115,0.135525293,0.006861063,0.000298552,0,0,0,0,0.001471021,3.47E-20,0.403754526,0.263904871,0.11308204,0.011369509,-4.32E-21,0,0,0,0,0,3.47E-20,0.485248525,0.307906653,0.097615156,0.011971568,0.000298552,0,0,0,0,0,3.47E-20,0.464400099,0.242804615,0.106575964,0.01501251,0.00010001,0,0,0,0,0,3.47E-20,0.421383648,0.290087017,0.097698294,0.027630566,0.00204948,0,0,0,0,0,3.47E-20,0.442004587,0.272076993,0.125656566,0.007397923,0.000594177,0,0,0,0
67,0.423857624,3.47E-20,3.47E-20,0.438886472,0.337694122,0.112494237,0.012813318,0.004329004,0,0,0,0,0.276839188,3.47E-20,0.442004587,0.284797124,0.115102639,0.013452497,0.00010001,0,0,0,0,0.081319524,3.47E-20,0.410459738,0.291715438,0.094890817,0.004329004,0,0,0,0,0,0.010856226,3.47E-20,0.432900433,0.255405115,0.135525293,0.006861063,0.000298552,0,0,0,0,0.001471021,3.47E-20,0.403754526,0.263904871,0.11308204,0.011369509,-4.32E-21,0,0,0,0,0,3.47E-20,0.485248525,0.307906653,0.097615156,0.011971568,0.000298552,0,0,0,0,0,3.47E-20,0.464400099,0.242804615,0.106575964,0.01501251,0.00010001,0,0,0,0,0,3.47E-20,0.421383648,0.290087017,0.097698294,0.027630566,0.00204948,0,0,0,0,0,3.47E-20,0.442004587,0.272076993,0.125656566,0.007397923,0.000594177,0,0,0,0
68,0.423857624,3.47E-20,3.47E-20,0.438886472,0.337694122,0.112494237,0.012813318,0.004329004,0,0,0,0,0.276839188,3.47E-20,0.442004587,0.284797124,0.115102639,0.013452497,0.00010001,0,0,0,0,0.081319524,3.47E-20,0.410459738,0.291715438,0.094890817,0.004329004,0,0,0,0,0,0.010856226,3.47E-20,0.432900433,0.255405115,0.135525293,0.006861063,0.000298552,0,0,0,0,0.001471021,3.47E-20,0.403754526,0.263904871,0.11308204,0.011369509,-4.32E-21,0,0,0,0,0,3.47E-20,0.485248525,0.307906653,0.097615156,0.011971568,0.000298552,0,0,0,0,0,3.47E-20,0.464400099,0.242804615,0.106575964,0.01501251,0.00010001,0,0,0,0,0,3.47E-20,0.421383648,0.290087017,0.097698294,0.027630566,0.00204948,0,0,0,0,0,3.47E-20,0.442004587,0.272076993,0.125656566,0.007397923,0.000594177,0,0,0,0
69,0.423857624,3.47E-20,3.47E-20,0.438886472,0.337694122,0.112494237,0.012813318,0.004329004,0,0,0,0,0.276839188,3.47E-20,0.442004587,0.284797124,0.115102639,0.013452497,0.00010001,0,0,0,0,0.081319524,3.47E-20,0.410459738,0.291715438,0.094890817,0.004329004,0,0,0,0,0,0.010856226,3.47E-20,0.432900433,0.255405115,0.135525293,0.006861063,0.000298552,0,0,0,0,0.001471021,3.47E-20,0.403754526,0.263904871,0.11308204,0.011369509,-4.32E-21,0,0,0,0,0,3.47E-20,0.485248525,0.307906653,0.097615156,0.011971568,0.000298552,0,0,0,0,0,3.47E-20,0.464400099,0.242804615,0.106575964,0.01501251,0.00010001,0,0,0,0,0,3.47E-20,0.421383648,0.290087017,0.097698294,0.027630566,0.00204948,0,0,0,0,0,3.47E-20,0.442004587,0.272076993,0.125656566,0.007397923,0.000594177,0,0,0,0
7,0.423857624,3.47E-20,3.47E-20,0.438886472,0.337694122,0.112494237,0.012813318,0.004329004,0,0,0,0,0.276839188,3.47E-20,0.442004587,0.284797124,0.115102639,0.013452497,0.00010001,0,0,0,0,0.081319524,3.47E-20,0.410459738,0.291715438,0.094890817,0.004329004,0,0,0,0,0,0.010856226,3.47E-20,0.432900433,0.255405115,0.135525293,0.006861063,0.000298552,0,0,0,0,0.001471021,3.47E-20,0.403754526,0.263904871,0.11308204,0.011369509,-4.32E-21,0,0,0,0,0,3.47E-20,0.485248525,0.307906653,0.097615156,0.011971568,0.000298552,0,0,0,0,0,3.47E-20,0.464400099,0.242804615,0.106575964,0.01501251,0.00010001,0,0,0,0,0,3.47E-20,0.421383648,0.290087017,0.097698294,0.027630566,0.00204948,0,0,0,0,0,3.47E-20,0.442004587,0.272076993,0.125656566,0.007397923,0.000594177,0,0,0,0
70,0.418653186,-0.00010001,-0.00010001,0.433711298,0.332726313,0.109649549,0.011898409,0.003854649,3.47E-20,3.47E-20,3.47E-20,3.47E-20,0.271942519,-0.00010001,0.436807984,0.280160872,0.112669637,0.012587943,1.00E-06,3.47E-20,3.47E-20,3.47E-20,3.47E-20,0.078948886,-0.00010001,0.405290769,0.286972119,0.092443049,0.003854649,3.47E-20,3.47E-20,3.47E-20,3.47E-20,3.47E-20,0.009930928,-0.00010001,0.427722686,0.250846436,0.132610584,0.006204784,0.000150791,3.47E-20,3.47E-20,3.47E-20,3.47E-20,0.001180102,-0.00010001,0.398534258,0.259373613,0.110551088,0.010495063,-4.98E-05,3.47E-20,3.47E-20,3.47E-20,3.47E-20,3.47E-20,-0.00010001,0.480152995,0.303100449,0.095099457,0.011147524,0.000150791,3.47E-20,3.47E-20,3.47E-20,3.47E-20,3.47E-20,0,0.45925644,0.238439183,0.104126023,0.014108022,1.00E-06,3.47E-20,3.47E-20,3.47E-20,3.47E-20,3.47E-20,-0.00010001,0.416206612,0.285291353,0.09539972,0.02627696,0.001711895,3.47E-20,3.47E-20,3.47E-20,3.47E-20,3.47E-20,-0.00010001,0.436807984,0.267392075,0.123131183,0.006791739,0.000398177,3.47E-20,3.47E-20,3.47E-20,3.47E-20
71,0.005238165,0.45925644,0.45925644,0.00108092,0.077585673,0.263110702,0.38576983,0.41863624,0.464400099,0.464400099,0.464400099,0.464400099,0.094219873,0.45925644,-0.00210021,0.127792912,0.294087792,0.387345263,0.454476438,0.464400099,0.464400099,0.464400099,0.464400099,0.290541015,0.45925644,0.017497378,0.113408971,0.287500457,0.41863624,0.464400099,0.464400099,0.464400099,0.464400099,0.464400099,0.387882351,0.45925644,0.003831418,0.134479043,0.26396161,0.405564661,0.449658903,0.464400099,0.464400099,0.464400099,0.464400099,0.435784321,0.45925644,0.013568932,0.13896244,0.286225332,0.389301046,0.459390194,0.464400099,0.464400099,0.464400099,0.464400099,0.464400099,0.45925644,0.001610306,0.104788341,0.283374283,0.390792973,0.449658903,0.464400099,0.464400099,0.464400099,0.464400099,0.464400099,0.45925644,0,0.155649518,0.29019929,0.383995783,0.454476438,0.464400099,0.464400099,0.464400099,0.464400099,0.464400099,0.45925644,0.010224193,0.106143201,0.29846372,0.354060884,0.431352371,0.464400099,0.464400099,0.464400099,0.464400099,0.464400099,0.45925644,-0.00210021,0.120176838,0.290892911,0.406791181,0.444937658,0.464400099,0.464400099,0.464400099,0.464400099
72,0.108511008,0.238439183,0.238439183,0.122051615,0.02325847,0.0413805,0.162705785,0.195680888,0.242804615,0.242804615,0.242804615,0.242804615,0.008690599,0.238439183,0.131405893,0.000416662,0.056116406,0.163017057,0.232787491,0.242804615,0.242804615,0.242804615,0.242804615,0.06526335,0.238439183,0.08746752,0.003549004,0.058579554,0.195680888,0.242804615,0.242804615,0.242804615,0.242804615,0.242804615,0.166429559,0.238439183,0.114507911,-0.002439384,0.035482522,0.18292098,0.227889118,0.242804615,0.242804615,0.242804615,0.242804615,0.213637768,0.238439183,0.089590153,-0.002543007,0.052291257,0.166593805,0.237759406,0.242804615,0.242804615,0.242804615,0.242804615,0.242804615,0.238439183,0.18474573,0.008022473,0.055566132,0.166843091,0.227889118,0.242804615,0.242804615,0.242804615,0.242804615,0.242804615,0.238439183,0.155649518,0,0.056291501,0.159268936,0.232787491,0.242804615,0.242804615,0.242804615,0.242804615,0.242804615,0.238439183,0.100378788,0.005013412,0.063590888,0.129787159,0.209036082,0.242804615,0.242804615,0.242804615,0.242804615,0.242804615,0.238439183,0.131405893,0.000360104,0.051677253,0.183005905,0.223064539,0.242804615,0.242804615,0.242804615,0.242804615
73,0.245000335,0.104126023,0.104126023,0.259749831,0.141649811,-0.001065573,0.046730135,0.069090249,0.106575964,0.106575964,0.106575964,0.106575964,0.099771726,0.104126023,0.26676884,0.087973721,-0.002200969,0.045831844,0.098421557,0.106575964,0.106575964,0.106575964,0.106575964,-0.000110578,0.104126023,0.225323088,0.097550579,-0.001987749,0.069090249,0.106575964,0.106575964,0.106575964,0.106575964,0.106575964,0.050584078,0.104126023,0.25254714,0.070040357,0.000240283,0.060503897,0.094467556,0.106575964,0.106575964,0.106575964,0.106575964,0.083098479,0.104126023,0.224111239,0.072470931,-0.002413138,0.049548501,0.102457697,0.106575964,0.106575964,0.106575964,0.106575964,0.106575964,0.104126023,0.31480768,0.110730696,-0.002050349,0.04860126,0.094467556,0.106575964,0.106575964,0.106575964,0.106575964,0.106575964,0.104126023,0.29019929,0.056291501,0,0.043144945,0.098421557,0.106575964,0.106575964,0.106575964,0.106575964,0.106575964,0.104126023,0.238621151,0.099784455,-0.002182137,0.026282487,0.079473129,0.106575964,0.106575964,0.106575964,0.106575964,0.106575964,0.104126023,0.26676884,0.08413124,-0.001453833,0.059447334,0.090595702,0.106575964,0.106575964,0.106575964,0.106575964
74,0.342773987,0.014108022,0.014108022,0.357570448,0.252431017,0.048344663,-0.001228022,0.002148097,0.01501251,0.01501251,0.01501251,0.01501251,0.196674109,0.014108022,0.361637551,0.198903651,0.048969224,-0.001304454,0.011643388,0.01501251,0.01501251,0.01501251,0.01501251,0.027020445,0.014108022,0.32788432,0.206683544,0.035502689,0.002148097,0.01501251,0.01501251,0.01501251,0.01501251,0.01501251,-0.000813546,0.014108022,0.351341823,0.172488241,0.064577168,0.000387259,0.010111116,0.01501251,0.01501251,0.01501251,0.01501251,0.006113074,0.014108022,0.322656397,0.179290191,0.047718166,-0.001025449,0.013276894,0.01501251,0.01501251,0.01501251,0.01501251,0.01501251,0.014108022,0.405453918,0.22216485,0.03742478,-0.001147157,0.010111116,0.01501251,0.01501251,0.01501251,0.01501251,0.01501251,0.014108022,0.383995783,0.159268936,0.043144945,0,0.011643388,0.01501251,0.01501251,0.01501251,0.01501251,0.01501251,0.014108022,0.339325162,0.206160122,0.03702489,0.00053668,0.004977158,0.01501251,0.01501251,0.01501251,0.01501251,0.01501251,0.014108022,0.361637551,0.188637998,0.056558304,0.000170144,0.00867921,0.01501251,0.01501251,0.01501251,0.01501251
75,0.413927667,1.00E-06,1.00E-06,0.428921917,0.327491248,0.104279308,0.009699424,0.002501384,0.00010001,0.00010001,0.00010001,0.00010001,0.267106152,1.00E-06,0.432111135,0.27456382,0.106687335,0.010258332,-0.000194174,0.00010001,0.00010001,0.00010001,0.00010001,0.074059884,1.00E-06,0.400423853,0.281553381,0.087130428,0.002501384,0.00010001,0.00010001,0.00010001,0.00010001,0.00010001,0.008001831,1.00E-06,0.422923227,0.245439212,0.126661329,0.004565562,-0.000191292,0.00010001,0.00010001,0.00010001,0.00010001,0.000400618,1.00E-06,0.393844011,0.253788092,0.10474294,0.008433382,-9.75E-05,0.00010001,0.00010001,0.00010001,0.00010001,0.00010001,1.00E-06,0.475343652,0.29767778,0.089777912,0.008953992,-0.000191292,0.00010001,0.00010001,0.00010001,0.00010001,0.00010001,1.00E-06,0.454476438,0.232787491,0.098421557,0.011643388,0,0.00010001,0.00010001,0.00010001,0.00010001,0.00010001,1.00E-06,0.411378614,0.280020402,0.089808186,0.023133117,0.000787871,0.00010001,0.00010001,0.00010001,0.00010001,0.00010001,1.00E-06,0.432111135,0.262059786,0.116960299,0.005016596,-9.03E-05,0.00010001,0.00010001,0.00010001,0.00010001
76,0.423857624,3.47E-20,3.47E-20,0.438886472,0.337694122,0.112494237,0.012813318,0.004329004,0,0,0,0,0.276839188,3.47E-20,0.442004587,0.284797124,0.115102639,0.013452497,0.00010001,0,0,0,0,0.081319524,3.47E-20,0.410459738,0.291715438,0.094890817,0.004329004,0,0,0,0,0,0.010856226,3.47E-20,0.432900433,0.255405115,0.135525293,0.006861063,0.000298552,0,0,0,0,0.001471021,3.47E-20,0.403754526,0.263904871,0.11308204,0.011369509,-4.32E-21,0,0,0,0,0,3.47E-20,0.485248525,0.307906653,0.097615156,0.011971568,0.000298552,0,0,0,0,0,3.47E-20,0.464400099,0.242804615,0.106575964,0.01501251,0.00010001,0,0,0,0,0,3.47E-20,0.421383648,0.290087017,0.097698294,0.027630566,0.00204948,0,0,0,0,0,3.47E-20,0.442004587,0.272076993,0.125656566,0.007397923,0.000594177,0,0,0,0
77,0.423857624,3.47E-20,3.47E-20,0.438886472,0.337694122,0.112494237,0.012813318,0.004329004,0,0,0,0,0.276839188,3.47E-20,0.442004587,0.284797124,0.115102639,0.013452497,0.00010001,0,0,0,0,0.081319524,3.47E-20,0.410459738,0.291715438,0.094890817,0.004329004,0,0,0,0,0,0.010856226,3.47E-20,0.432900433,0.255405115,0.135525293,0.006861063,0.000298552,0,0,0,0,0.001471021,3.47E-20,0.403754526,0.263904871,0.11308204,0.011369509,-4.32E-21,0,0,0,0,0,3.47E-20,0.485248525,0.307906653,0.097615156,0.011971568,0.000298552,0,0,0,0,0,3.47E-20,0.464400099,0.242804615,0.106575964,0.01501251,0.00010001,0,0,0,0,0,3.47E-20,0.421383648,0.290087017,0.097698294,0.027630566,0.00204948,0,0,0,0,0,3.47E-20,0.442004587,0.272076993,0.125656566,0.007397923,0.000594177,0,0,0,0
78,0.423857624,3.47E-20,3.47E-20,0.438886472,0.337694122,0.112494237,0.012813318,0.004329004,0,0,0,0,0.276839188,3.47E-20,0.442004587,0.284797124,0.115102639,0.013452497,0.00010001,0,0,0,0,0.081319524,3.47E-20,0.410459738,0.291715438,0.094890817,0.004329004,0,0,0,0,0,0.010856226,3.47E-20,0.432900433,0.255405115,0.135525293,0.006861063,0.000298552,0,0,0,0,0.001471021,3.47E-20,0.403754526,0.263904871,0.11308204,0.011369509,-4.32E-21,0,0,0,0,0,3.47E-20,0.485248525,0.307906653,0.097615156,0.011971568,0.000298552,0,0,0,0,0,3.47E-20,0.464400099,0.242804615,0.106575964,0.01501251,0.00010001,0,0,0,0,0,3.47E-20,0.421383648,0.290087017,0.097698294,0.027630566,0.00204948,0,0,0,0,0,3.47E-20,0.442004587,0.272076993,0.125656566,0.007397923,0.000594177,0,0,0,0
79,0.423857624,3.47E-20,3.47E-20,0.438886472,0.337694122,0.112494237,0.012813318,0.004329004,0,0,0,0,0.276839188,3.47E-20,0.442004587,0.284797124,0.115102639,0.013452497,0.00010001,0,0,0,0,0.081319524,3.47E-20,0.410459738,0.291715438,0.094890817,0.004329004,0,0,0,0,0,0.010856226,3.47E-20,0.432900433,0.255405115,0.135525293,0.006861063,0.000298552,0,0,0,0,0.001471021,3.47E-20,0.403754526,0.263904871,0.11308204,0.011369509,-4.32E-21,0,0,0,0,0,3.47E-20,0.485248525,0.307906653,0.097615156,0.011971568,0.000298552,0,0,0,0,0,3.47E-20,0.464400099,0.242804615,0.106575964,0.01501251,0.00010001,0,0,0,0,0,3.47E-20,0.421383648,0.290087017,0.097698294,0.027630566,0.00204948,0,0,0,0,0,3.47E-20,0.442004587,0.272076993,0.125656566,0.007397923,0.000594177,0,0,0,0
8,0.423857624,3.47E-20,3.47E-20,0.438886472,0.337694122,0.112494237,0.012813318,0.004329004,0,0,0,0,0.276839188,3.47E-20,0.442004587,0.284797124,0.115102639,0.013452497,0.00010001,0,0,0,0,0.081319524,3.47E-20,0.410459738,0.291715438,0.094890817,0.004329004,0,0,0,0,0,0.010856226,3.47E-20,0.432900433,0.255405115,0.135525293,0.006861063,0.000298552,0,0,0,0,0.001471021,3.47E-20,0.403754526,0.263904871,0.11308204,0.011369509,-4.32E-21,0,0,0,0,0,3.47E-20,0.485248525,0.307906653,0.097615156,0.011971568,0.000298552,0,0,0,0,0,3.47E-20,0.464400099,0.242804615,0.106575964,0.01501251,0.00010001,0,0,0,0,0,3.47E-20,0.421383648,0.290087017,0.097698294,0.027630566,0.00204948,0,0,0,0,0,3.47E-20,0.442004587,0.272076993,0.125656566,0.007397923,0.000594177,0,0,0,0
80,0.418653186,-0.00010001,-0.00010001,0.433711298,0.332726313,0.109649549,0.011898409,0.003854649,3.47E-20,3.47E-20,3.47E-20,3.47E-20,0.271942519,-0.00010001,0.436807984,0.280160872,0.112669637,0.012587943,1.00E-06,3.47E-20,3.47E-20,3.47E-20,3.47E-20,0.078948886,-0.00010001,0.405290769,0.286972119,0.092443049,0.003854649,3.47E-20,3.47E-20,3.47E-20,3.47E-20,3.47E-20,0.009930928,-0.00010001,0.427722686,0.250846436,0.132610584,0.006204784,0.000150791,3.47E-20,3.47E-20,3.47E-20,3.47E-20,0.001180102,-0.00010001,0.398534258,0.259373613,0.110551088,0.010495063,-4.98E-05,3.47E-20,3.47E-20,3.47E-20,3.47E-20,3.47E-20,-0.00010001,0.480152995,0.303100449,0.095099457,0.011147524,0.000150791,3.47E-20,3.47E-20,3.47E-20,3.47E-20,3.47E-20,-0.00010001,0.45925644,0.238439183,0.104126023,0.014108022,1.00E-06,3.47E-20,3.47E-20,3.47E-20,3.47E-20,3.47E-20,0,0.416206612,0.285291353,0.09539972,0.02627696,0.001711895,3.47E-20,3.47E-20,3.47E-20,3.47E-20,3.47E-20,-0.00010001,0.436807984,0.267392075,0.123131183,0.006791739,0.000398177,3.47E-20,3.47E-20,3.47E-20,3.47E-20
81,-0.004060848,0.416206612,0.416206612,-0.002494828,0.03015275,0.211755048,0.341319359,0.374964062,0.421383648,0.421383648,0.421383648,0.421383648,0.047976447,0.416206612,0.000740388,0.072845241,0.241777571,0.342812982,0.411378614,0.421383648,0.421383648,0.421383648,0.421383648,0.241113841,0.416206612,-0.003870946,0.060657994,0.236950034,0.374964062,0.421383648,0.421383648,0.421383648,0.421383648,0.421383648,0.343641615,0.416206612,-0.003787879,0.081233867,0.210573156,0.361644042,0.40651077,0.421383648,0.421383648,0.421383648,0.421383648,0.392447764,0.416206612,-0.003901536,0.08410777,0.234186142,0.344980516,0.416336291,0.421383648,0.421383648,0.421383648,0.421383648,0.421383648,0.416206612,0.031741837,0.052455337,0.232690461,0.346393813,0.40651077,0.421383648,0.421383648,0.421383648,0.421383648,0.421383648,0.416206612,0.010224193,0.100378788,0.238621151,0.339325162,0.411378614,0.421383648,0.421383648,0.421383648,0.421383648,0.421383648,0.416206612,0,0.055205346,0.247480069,0.308422316,0.387940783,0.421383648,0.421383648,0.421383648,0.421383648,0.421383648,0.416206612,0.000740388,0.06795225,0.237791252,0.362806933,0.401732912,0.421383648,0.421383648,0.421383648,0.421383648
82,0.062550491,0.285291353,0.285291353,0.074352133,0.001193908,0.079588182,0.209041229,0.242866106,0.290087017,0.290087017,0.290087017,0.290087017,-0.002472209,0.285291353,0.083314697,-0.002399047,0.100674358,0.209873954,0.280020402,0.290087017,0.290087017,0.290087017,0.290087017,0.107128677,0.285291353,0.044397762,-0.003813911,0.100902389,0.242866106,0.290087017,0.290087017,0.290087017,0.290087017,0.290087017,0.212221774,0.285291353,0.067555465,-0.000501778,0.074574333,0.229662561,0.275102949,0.290087017,0.290087017,0.290087017,0.290087017,0.260816916,0.285291353,0.046678555,-0.000176596,0.095293419,0.212904795,0.285015172,0.290087017,0.290087017,0.290087017,0.290087017,0.290087017,0.285291353,0.135465569,-0.003509149,0.097235727,0.213669428,0.275102949,0.290087017,0.290087017,0.290087017,0.290087017,0.290087017,0.285291353,0.106143201,0.005013412,0.099784455,0.206160122,0.280020402,0.290087017,0.290087017,0.290087017,0.290087017,0.290087017,0.285291353,0.055205346,0,0.108181921,0.17535442,0.256211161,0.290087017,0.290087017,0.290087017,0.290087017,0.290087017,0.285291353,0.083314697,-0.003123289,0.095935838,0.230234591,0.270263055,0.290087017,0.290087017,0.290087017,0.290087017
83,0.253640466,0.09539972,0.09539972,0.268382521,0.150828973,8.33E-05,0.040478789,0.061594248,0.097698294,0.097698294,0.097698294,0.097698294,0.107544431,0.09539972,0.275168741,0.096454213,-0.001572319,0.039557078,0.089808186,0.097698294,0.097698294,0.097698294,0.097698294,-0.000920978,0.09539972,0.234310663,0.106087179,-0.002115014,0.061594248,0.097698294,0.097698294,0.097698294,0.097698294,0.097698294,0.044201914,0.09539972,0.261259813,0.077650829,0.002403976,0.053470622,0.085988733,0.097698294,0.097698294,0.097698294,0.097698294,0.075032411,0.09539972,0.232801211,0.080394265,-0.00169553,0.043143079,0.093711363,0.097698294,0.097698294,0.097698294,0.097698294,0.097698294,0.09539972,0.322741876,0.119606037,-0.001966369,0.042172732,0.085988733,0.097698294,0.097698294,0.097698294,0.097698294,0.097698294,0.09539972,0.29846372,0.063590888,-0.002182137,0.03702489,0.089808186,0.097698294,0.097698294,0.097698294,0.097698294,0.097698294,0.09539972,0.247480069,0.108181921,0,0.02151026,0.071547546,0.097698294,0.097698294,0.097698294,0.097698294,0.097698294,0.09539972,0.275168741,0.092150999,-0.0002827,0.052392248,0.082252974,0.097698294,0.097698294,0.097698294,0.097698294
84,0.312268436,0.02627696,0.02627696,0.327055491,0.220561247,0.030231705,0.001342534,0.009082049,0.027630566,0.027630566,0.027630566,0.027630566,0.167216116,0.02627696,0.331531294,0.167669883,0.031189302,0.001171366,0.023133117,0.027630566,0.027630566,0.027630566,0.027630566,0.01351814,0.02627696,0.296744369,0.175535215,0.020061319,0.009082049,0.027630566,0.027630566,0.027630566,0.027630566,0.027630566,0.002422179,0.02627696,0.320693189,0.142750349,0.043816884,0.005711494,0.021034397,0.027630566,0.027630566,0.027630566,0.027630566,0.015330294,0.02627696,0.292070652,0.148901365,0.029964496,0.00211441,0.025331616,0.027630566,0.027630566,0.027630566,0.027630566,0.027630566,0.02627696,0.376003606,0.190527284,0.021534508,0.001896375,0.021034397,0.027630566,0.027630566,0.027630566,0.027630566,0.027630566,0.02627696,0.354060884,0.129787159,0.026282487,0.00053668,0.023133117,0.027630566,0.027630566,0.027630566,0.027630566,0.027630566,0.02627696,0.308422316,0.17535442,0.02151026,0,0.0136241,0.027630566,0.027630566,0.027630566,0.027630566,0.027630566,0.02627696,0.331531294,0.158340356,0.037473967,0.005391607,0.019034792,0.027630566,0.027630566,0.027630566,0.027630566
85,0.390716642,0.001711895,0.001711895,0.405631882,0.303355419,0.085208936,0.00368017,-0.000309215,0.00204948,0.00204948,0.00204948,0.00204948,0.244231603,0.001711895,0.40903859,0.25026235,0.087041348,0.004032653,0.000787871,0.00204948,0.00204948,0.00204948,0.00204948,0.057471089,0.001711895,0.376878351,0.257470206,0.069227609,-0.000309215,0.00204948,0.00204948,0.00204948,0.00204948,0.00204948,0.002638919,0.001711895,0.399585921,0.221860297,0.105862,0.00059281,0.000309421,0.00204948,0.00204948,0.00204948,0.00204948,-0.000531331,0.001711895,0.370658789,0.229789385,0.085310208,0.002860788,0.001367471,0.00204948,0.00204948,0.00204948,0.00204948,0.00204948,0.001711895,0.452315686,0.27342456,0.07167804,0.003172328,0.000309421,0.00204948,0.00204948,0.00204948,0.00204948,0.00204948,0.001711895,0.431352371,0.209036082,0.079473129,0.004977158,0.000787871,0.00204948,0.00204948,0.00204948,0.00204948,0.00204948,0.001711895,0.387940783,0.256211161,0.071547546,0.0136241,0,0.00204948,0.00204948,0.00204948,0.00204948,0.00204948,0.001711895,0.40903859,0.238363228,0.096570974,0.000825007,-6.91E-05,0.00204948,0.00204948,0.00204948,0.00204948
86,0.423857624,3.47E-20,3.47E-20,0.438886472,0.337694122,0.112494237,0.012813318,0.004329004,0,0,0,0,0.276839188,3.47E-20,0.442004587,0.284797124,0.115102639,0.013452497,0.00010001,0,0,0,0,0.081319524,3.47E-20,0.410459738,0.291715438,0.094890817,0.004329004,0,0,0,0,0,0.010856226,3.47E-20,0.432900433,0.255405115,0.135525293,0.006861063,0.000298552,0,0,0,0,0.001471021,3.47E-20,0.403754526,0.263904871,0.11308204,0.011369509,-4.32E-21,0,0,0,0,0,3.47E-20,0.485248525,0.307906653,0.097615156,0.011971568,0.000298552,0,0,0,0,0,3.47E-20,0.464400099,0.242804615,0.106575964,0.01501251,0.00010001,0,0,0,0,0,3.47E-20,0.421383648,0.290087017,0.097698294,0.027630566,0.00204948,0,0,0,0,0,3.47E-20,0.442004587,0.272076993,0.125656566,0.007397923,0.000594177,0,0,0,0
87,0.423857624,3.47E-20,3.47E-20,0.438886472,0.337694122,0.112494237,0.012813318,0.004329004,0,0,0,0,0.276839188,3.47E-20,0.442004587,0.284797124,0.115102639,0.013452497,0.00010001,0,0,0,0,0.081319524,3.47E-20,0.410459738,0.291715438,0.094890817,0.004329004,0,0,0,0,0,0.010856226,3.47E-20,0.432900433,0.255405115,0.135525293,0.006861063,0.000298552,0,0,0,0,0.001471021,3.47E-20,0.403754526,0.263904871,0.11308204,0.011369509,-4.32E-21,0,0,0,0,0,3.47E-20,0.485248525,0.307906653,0.097615156,0.011971568,0.000298552,0,0,0,0,0,3.47E-20,0.464400099,0.242804615,0.106575964,0.01501251,0.00010001,0,0,0,0,0,3.47E-20,0.421383648,0.290087017,0.097698294,0.027630566,0.00204948,0,0,0,0,0,3.47E-20,0.442004587,0.272076993,0.125656566,0.007397923,0.000594177,0,0,0,0
88,0.423857624,3.47E-20,3.47E-20,0.438886472,0.337694122,0.112494237,0.012813318,0.004329004,0,0,0,0,0.276839188,3.47E-20,0.442004587,0.284797124,0.115102639,0.013452497,0.00010001,0,0,0,0,0.081319524,3.47E-20,0.410459738,0.291715438,0.094890817,0.004329004,0,0,0,0,0,0.010856226,3.47E-20,0.432900433,0.255405115,0.135525293,0.006861063,0.000298552,0,0,0,0,0.001471021,3.47E-20,0.403754526,0.263904871,0.11308204,0.011369509,-4.32E-21,0,0,0,0,0,3.47E-20,0.485248525,0.307906653,0.097615156,0.011971568,0.000298552,0,0,0,0,0,3.47E-20,0.464400099,0.242804615,0.106575964,0.01501251,0.00010001,0,0,0,0,0,3.47E-20,0.421383648,0.290087017,0.097698294,0.027630566,0.00204948,0,0,0,0,0,3.47E-20,0.442004587,0.272076993,0.125656566,0.007397923,0.000594177,0,0,0,0
89,0.423857624,3.47E-20,3.47E-20,0.438886472,0.337694122,0.112494237,0.012813318,0.004329004,0,0,0,0,0.276839188,3.47E-20,0.442004587,0.284797124,0.115102639,0.013452497,0.00010001,0,0,0,0,0.081319524,3.47E-20,0.410459738,0.291715438,0.094890817,0.004329004,0,0,0,0,0,0.010856226,3.47E-20,0.432900433,0.255405115,0.135525293,0.006861063,0.000298552,0,0,0,0,0.001471021,3.47E-20,0.403754526,0.263904871,0.11308204,0.011369509,-4.32E-21,0,0,0,0,0,3.47E-20,0.485248525,0.307906653,0.097615156,0.011971568,0.000298552,0,0,0,0,0,3.47E-20,0.464400099,0.242804615,0.106575964,0.01501251,0.00010001,0,0,0,0,0,3.47E-20,0.421383648,0.290087017,0.097698294,0.027630566,0.00204948,0,0,0,0,0,3.47E-20,0.442004587,0.272076993,0.125656566,0.007397923,0.000594177,0,0,0,0
9,0.423857624,3.47E-20,3.47E-20,0.438886472,0.337694122,0.112494237,0.012813318,0.004329004,0,0,0,0,0.276839188,3.47E-20,0.442004587,0.284797124,0.115102639,0.013452497,0.00010001,0,0,0,0,0.081319524,3.47E-20,0.410459738,0.291715438,0.094890817,0.004329004,0,0,0,0,0,0.010856226,3.47E-20,0.432900433,0.255405115,0.135525293,0.006861063,0.000298552,0,0,0,0,0.001471021,3.47E-20,0.403754526,0.263904871,0.11308204,0.011369509,-4.32E-21,0,0,0,0,0,3.47E-20,0.485248525,0.307906653,0.097615156,0.011971568,0.000298552,0,0,0,0,0,3.47E-20,0.464400099,0.242804615,0.106575964,0.01501251,0.00010001,0,0,0,0,0,3.47E-20,0.421383648,0.290087017,0.097698294,0.027630566,0.00204948,0,0,0,0,0,3.47E-20,0.442004587,0.272076993,0.125656566,0.007397923,0.000594177,0,0,0,0
90,0.418653186,-0.00010001,-0.00010001,0.433711298,0.332726313,0.109649549,0.011898409,0.003854649,3.47E-20,3.47E-20,3.47E-20,3.47E-20,0.271942519,-0.00010001,0.436807984,0.280160872,0.112669637,0.012587943,1.00E-06,3.47E-20,3.47E-20,3.47E-20,3.47E-20,0.078948886,-0.00010001,0.405290769,0.286972119,0.092443049,0.003854649,3.47E-20,3.47E-20,3.47E-20,3.47E-20,3.47E-20,0.009930928,-0.00010001,0.427722686,0.250846436,0.132610584,0.006204784,0.000150791,3.47E-20,3.47E-20,3.47E-20,3.47E-20,0.001180102,-0.00010001,0.398534258,0.259373613,0.110551088,0.010495063,-4.98E-05,3.47E-20,3.47E-20,3.47E-20,3.47E-20,3.47E-20,-0.00010001,0.480152995,0.303100449,0.095099457,0.011147524,0.000150791,3.47E-20,3.47E-20,3.47E-20,3.47E-20,3.47E-20,-0.00010001,0.45925644,0.238439183,0.104126023,0.014108022,1.00E-06,3.47E-20,3.47E-20,3.47E-20,3.47E-20,3.47E-20,-0.00010001,0.416206612,0.285291353,0.09539972,0.02627696,0.001711895,3.47E-20,3.47E-20,3.47E-20,3.47E-20,3.47E-20,0,0.436807984,0.267392075,0.123131183,0.006791739,0.000398177,3.47E-20,3.47E-20,3.47E-20,3.47E-20
91,-0.002333136,0.436807984,0.436807984,-0.003913561,0.056206323,0.239574874,0.363379618,0.396337405,0.442004587,0.442004587,0.442004587,0.442004587,0.07250154,0.436807984,-0.004863934,0.103838727,0.270567528,0.364993098,0.432111135,0.442004587,0.442004587,0.442004587,0.442004587,0.267390722,0.436807984,0.005568815,0.090098819,0.264197976,0.396337405,0.442004587,0.442004587,0.442004587,0.442004587,0.442004587,0.36545518,0.436807984,-0.002781438,0.11080141,0.240104222,0.38322403,0.427306622,0.442004587,0.442004587,0.442004587,0.442004587,0.41346293,0.436807984,0.002639436,0.114919363,0.262702026,0.366914148,0.437010484,0.442004587,0.442004587,0.442004587,0.442004587,0.442004587,0.436807984,0.010921397,0.08171527,0.260031173,0.368445638,0.427306622,0.442004587,0.442004587,0.442004587,0.442004587,0.442004587,0.436807984,-0.00210021,0.131405893,0.26676884,0.361637551,0.432111135,0.442004587,0.442004587,0.442004587,0.442004587,0.442004587,0.436807984,0.000740388,0.083314697,0.275168741,0.331531294,0.40903859,0.442004587,0.442004587,0.442004587,0.442004587,0.442004587,0.436807984,0,0.096868515,0.267222749,0.384495719,0.422597029,0.442004587,0.442004587,0.442004587,0.442004587
92,0.075457092,0.267392075,0.267392075,0.087886741,0.006464881,0.065422484,0.191624441,0.225078189,0.272076993,0.272076993,0.272076993,0.272076993,-0.001131794,0.267392075,0.096868515,-0.003290847,0.084806825,0.192336681,0.262059786,0.272076993,0.272076993,0.272076993,0.272076993,0.091673132,0.267392075,0.056476091,-0.003326355,0.085457065,0.225078189,0.272076993,0.272076993,0.272076993,0.272076993,0.272076993,0.194906834,0.267392075,0.080860418,-0.003093233,0.060383206,0.212039036,0.257166116,0.272076993,0.272076993,0.272076993,0.272076993,0.242947701,0.267392075,0.0585399,-0.002788571,0.079832033,0.195470293,0.267030157,0.272076993,0.272076993,0.272076993,0.272076993,0.272076993,0.267392075,0.149296433,-0.001629095,0.081992207,0.1961163,0.257166116,0.272076993,0.272076993,0.272076993,0.272076993,0.272076993,0.267392075,0.120176838,0.000360104,0.08413124,0.188637998,0.262059786,0.272076993,0.272076993,0.272076993,0.272076993,0.272076993,0.267392075,0.06795225,-0.003123289,0.092150999,0.158340356,0.238363228,0.272076993,0.272076993,0.272076993,0.272076993,0.272076993,0.267392075,0.096868515,0,0.080240852,0.212500857,0.252349386,0.272076993,0.272076993,0.272076993,0.272076993
93,0.244801658,0.123131183,0.123131183,0.259585886,0.137719907,0.000237615,0.060704288,0.085268109,0.125656566,0.125656566,0.125656566,0.125656566,0.097927436,0.123131183,0.267222749,0.082760244,-0.00219099,0.059590693,0.116960299,0.125656566,0.125656566,0.125656566,0.125656566,0.004116771,0.123131183,0.224040556,0.09302958,0.000560812,0.085268109,0.125656566,0.125656566,0.125656566,0.125656566,0.125656566,0.06511317,0.123131183,0.25216313,0.066118316,-0.001039855,0.075934372,0.112727791,0.125656566,0.125656566,0.125656566,0.125656566,0.100493991,0.123131183,0.22365657,0.067662864,-0.001979165,0.063863699,0.121269924,0.125656566,0.125656566,0.125656566,0.125656566,0.125656566,0.123131183,0.316116189,0.106030364,0.00029388,0.062702004,0.112727791,0.125656566,0.125656566,0.125656566,0.125656566,0.125656566,0.123131183,0.290892911,0.051677253,-0.001453833,0.056558304,0.116960299,0.125656566,0.125656566,0.125656566,0.125656566,0.125656566,0.123131183,0.237791252,0.095935838,-0.0002827,0.037473967,0.096570974,0.125656566,0.125656566,0.125656566,0.125656566,0.125656566,0.123131183,0.267222749,0.080240852,0,0.074666689,0.108572502,0.125656566,0.125656566,0.125656566,0.125656566
94,0.365923759,0.006791739,0.006791739,0.380758458,0.27701597,0.065090741,-0.000340928,-0.000522466,0.007397923,0.007397923,0.007397923,0.007397923,0.219555519,0.006791739,0.384495719,0.223558289,0.066099879,-0.000244181,0.005016596,0.007397923,0.007397923,0.007397923,0.007397923,0.040484402,0.006791739,0.351560663,0.231101375,0.050560197,-0.000522466,0.007397923,0.007397923,0.007397923,0.007397923,0.007397923,-0.000587568,0.006791739,0.374627928,0.196118508,0.083484783,-0.000990742,0.003979015,0.007397923,0.007397923,0.007397923,0.007397923,0.001466096,0.006791739,0.345855326,0.203467656,0.064664899,-0.000624544,0.006155879,0.007397923,0.007397923,0.007397923,0.007397923,0.007397923,0.006791739,0.427956576,0.246847526,0.052766439,-0.000571331,0.003979015,0.007397923,0.007397923,0.007397923,0.007397923,0.007397923,0.006791739,0.406791181,0.183005905,0.059447334,0.000170144,0.005016596,0.007397923,0.007397923,0.007397923,0.007397923,0.007397923,0.006791739,0.362806933,0.230234591,0.052392248,0.005391607,0.000825007,0.007397923,0.007397923,0.007397923,0.007397923,0.007397923,0.006791739,0.384495719,0.212500857,0.074666689,0,0.00304209,0.007397923,0.007397923,0.007397923,0.007397923
95,0.404366119,0.000398177,0.000398177,0.419327477,0.317600787,0.096399681,0.006992723,0.001080221,0.000594177,0.000594177,0.000594177,0.000594177,0.257705717,0.000398177,0.422597029,0.264622374,0.098590033,0.007469964,-9.03E-05,0.000594177,0.000594177,0.000594177,0.000594177,0.067157516,0.000398177,0.390740236,0.271692433,0.07971273,0.001080221,0.000594177,0.000594177,0.000594177,0.000594177,0.000594177,0.005556581,0.000398177,0.413312514,0.235777705,0.1181079,0.002677942,-0.000281398,0.000594177,0.000594177,0.000594177,0.000594177,-0.000266121,0.000398177,0.384296653,0.243965858,0.096727115,0.005905092,0.000201113,0.000594177,0.000594177,0.000594177,0.000594177,0.000594177,0.000398177,0.465835054,0.287749288,0.082282192,0.006342924,-0.000281398,0.000594177,0.000594177,0.000594177,0.000594177,0.000594177,0.000398177,0.444937658,0.223064539,0.090595702,0.00867921,-9.03E-05,0.000594177,0.000594177,0.000594177,0.000594177,0.000594177,0.000398177,0.401732912,0.270263055,0.082252974,0.019034792,-6.91E-05,0.000594177,0.000594177,0.000594177,0.000594177,0.000594177,0.000398177,0.422597029,0.252349386,0.108572502,0.00304209,0,0.000594177,0.000594177,0.000594177,0.000594177
96,0.423857624,3.47E-20,3.47E-20,0.438886472,0.337694122,0.112494237,0.012813318,0.004329004,0,0,0,0,0.276839188,3.47E-20,0.442004587,0.284797124,0.115102639,0.013452497,0.00010001,0,0,0,0,0.081319524,3.47E-20,0.410459738,0.291715438,0.094890817,0.004329004,0,0,0,0,0,0.010856226,3.47E-20,0.432900433,0.255405115,0.135525293,0.006861063,0.000298552,0,0,0,0,0.001471021,3.47E-20,0.403754526,0.263904871,0.11308204,0.011369509,-4.32E-21,0,0,0,0,0,3.47E-20,0.485248525,0.307906653,0.097615156,0.011971568,0.000298552,0,0,0,0,0,3.47E-20,0.464400099,0.242804615,0.106575964,0.01501251,0.00010001,0,0,0,0,0,3.47E-20,0.421383648,0.290087017,0.097698294,0.027630566,0.00204948,0,0,0,0,0,3.47E-20,0.442004587,0.272076993,0.125656566,0.007397923,0.000594177,0,0,0,0
97,0.423857624,3.47E-20,3.47E-20,0.438886472,0.337694122,0.112494237,0.012813318,0.004329004,0,0,0,0,0.276839188,3.47E-20,0.442004587,0.284797124,0.115102639,0.013452497,0.00010001,0,0,0,0,0.081319524,3.47E-20,0.410459738,0.291715438,0.094890817,0.004329004,0,0,0,0,0,0.010856226,3.47E-20,0.432900433,0.255405115,0.135525293,0.006861063,0.000298552,0,0,0,0,0.001471021,3.47E-20,0.403754526,0.263904871,0.11308204,0.011369509,-4.32E-21,0,0,0,0,0,3.47E-20,0.485248525,0.307906653,0.097615156,0.011971568,0.000298552,0,0,0,0,0,3.47E-20,0.464400099,0.242804615,0.106575964,0.01501251,0.00010001,0,0,0,0,0,3.47E-20,0.421383648,0.290087017,0.097698294,0.027630566,0.00204948,0,0,0,0,0,3.47E-20,0.442004587,0.272076993,0.125656566,0.007397923,0.000594177,0,0,0,0
98,0.423857624,3.47E-20,3.47E-20,0.438886472,0.337694122,0.112494237,0.012813318,0.004329004,0,0,0,0,0.276839188,3.47E-20,0.442004587,0.284797124,0.115102639,0.013452497,0.00010001,0,0,0,0,0.081319524,3.47E-20,0.410459738,0.291715438,0.094890817,0.004329004,0,0,0,0,0,0.010856226,3.47E-20,0.432900433,0.255405115,0.135525293,0.006861063,0.000298552,0,0,0,0,0.001471021,3.47E-20,0.403754526,0.263904871,0.11308204,0.011369509,-4.32E-21,0,0,0,0,0,3.47E-20,0.485248525,0.307906653,0.097615156,0.011971568,0.000298552,0,0,0,0,0,3.47E-20,0.464400099,0.242804615,0.106575964,0.01501251,0.00010001,0,0,0,0,0,3.47E-20,0.421383648,0.290087017,0.097698294,0.027630566,0.00204948,0,0,0,0,0,3.47E-20,0.442004587,0.272076993,0.125656566,0.007397923,0.000594177,0,0,0,0
99,0.423857624,3.47E-20,3.47E-20,0.438886472,0.337694122,0.112494237,0.012813318,0.004329004,0,0,0,0,0.276839188,3.47E-20,0.442004587,0.284797124,0.115102639,0.013452497,0.00010001,0,0,0,0,0.081319524,3.47E-20,0.410459738,0.291715438,0.094890817,0.004329004,0,0,0,0,0,0.010856226,3.47E-20,0.432900433,0.255405115,0.135525293,0.006861063,0.000298552,0,0,0,0,0.001471021,3.47E-20,0.403754526,0.263904871,0.11308204,0.011369509,-4.32E-21,0,0,0,0,0,3.47E-20,0.485248525,0.307906653,0.097615156,0.011971568,0.000298552,0,0,0,0,0,3.47E-20,0.464400099,0.242804615,0.106575964,0.01501251,0.00010001,0,0,0,0,0,3.47E-20,0.421383648,0.290087017,0.097698294,0.027630566,0.00204948,0,0,0,0,0,3.47E-20,0.442004587,0.272076993,0.125656566,0.007397923,0.000594177,0,0,0,0